<?xml version='1.0' encoding='UTF-8'?>
<dblpperson name="Bernadette Bouchon-Meunier" n="162">
<person key="homepages/b/BernadetteBouchonMeunier" mdate="2016-03-03">
<author>Bernadette Bouchon-Meunier</author>
<author>Bernadette Bouchon</author>
<note type="affiliation">LIP6, Paris</note>
<url>http://webia.lip6.fr/~bouchon/indexeng.html</url>
</person>
<r><article key="journals/cim/BonissoneB19" mdate="2019-01-21">
<author>Piero P. Bonissone</author>
<author>Bernadette Bouchon-Meunier</author>
<title>Introduction to the Special Issue in Memoriam of Lotfi A. Zadeh [Guest Editorial].</title>
<pages>13-14</pages>
<year>2019</year>
<volume>14</volume>
<journal>IEEE Comp. Int. Mag.</journal>
<number>1</number>
<url>db/journals/cim/cim14.html#BonissoneB19</url>
</article>
</r>
<r><article key="journals/cim/Bouchon-Meunier19" mdate="2019-01-21">
<author>Bernadette Bouchon-Meunier</author>
<title>[Conference Calendar].</title>
<pages>107</pages>
<year>2019</year>
<volume>14</volume>
<journal>IEEE Comp. Int. Mag.</journal>
<number>1</number>
<url>db/journals/cim/cim14.html#Bouchon-Meunier19</url>
</article>
</r>
<r><article key="journals/ijufks/Bouchon-Meunier19" mdate="2019-12-19">
<author>Bernadette Bouchon-Meunier</author>
<title>Foreword.</title>
<year>2019</year>
<volume>27</volume>
<journal>International Journal of Uncertainty, Fuzziness and Knowledge-Based Systems</journal>
<number>6</number>
<url>db/journals/ijufks/ijufks27.html#Bouchon-Meunier19</url>
</article>
</r>
<r><article key="journals/soco/ColettiB19" mdate="2019-08-08">
<author orcid="0000-0002-0152-1735">Giulianella Coletti</author>
<author>Bernadette Bouchon-Meunier</author>
<title>A study of similarity measures through the paradigm of measurement theory: the classic case.</title>
<pages>6827-6845</pages>
<year>2019</year>
<volume>23</volume>
<journal>Soft Comput.</journal>
<number>16</number>
<url>db/journals/soco/soco23.html#ColettiB19</url>
</article>
</r>
<r><inproceedings key="conf/fuzzIEEE/ColettiB19" mdate="2019-10-14">
<author>Giulianella Coletti</author>
<author>Bernadette Bouchon-Meunier</author>
<title>Fuzzy similarity measures and measurement theory.</title>
<pages>1-7</pages>
<year>2019</year>
<booktitle>FUZZ-IEEE</booktitle>
<crossref>conf/fuzzIEEE/2019</crossref>
<url>db/conf/fuzzIEEE/fuzzIEEE2019.html#ColettiB19</url>
</inproceedings>
</r>
<r><article key="journals/cim/Bouchon-Meunier18" mdate="2018-01-18">
<author>Bernadette Bouchon-Meunier</author>
<title>Conference Calendar [Conference Calendar].</title>
<pages>62</pages>
<year>2018</year>
<volume>13</volume>
<journal>IEEE Comp. Int. Mag.</journal>
<number>1</number>
<url>db/journals/cim/cim13.html#Bouchon-Meunier18</url>
</article>
</r>
<r><article key="journals/cim/Bouchon-Meunier18a" mdate="2018-07-25">
<author>Bernadette Bouchon-Meunier</author>
<title>[Conference Calendar].</title>
<pages>76</pages>
<year>2018</year>
<volume>13</volume>
<journal>IEEE Comp. Int. Mag.</journal>
<number>3</number>
<url>db/journals/cim/cim13.html#Bouchon-Meunier18a</url>
</article>
</r>
<r><article key="journals/cim/Bouchon-Meunier18b" mdate="2018-10-22">
<author>Bernadette Bouchon-Meunier</author>
<title>[Conference Calendar].</title>
<pages>96</pages>
<year>2018</year>
<volume>13</volume>
<journal>IEEE Comp. Int. Mag.</journal>
<number>4</number>
<url>db/journals/cim/cim13.html#Bouchon-Meunier18b</url>
</article>
</r>
<r><article key="journals/ijufks/WangLMYHCB18" mdate="2019-12-27">
<author>Wan-Ru Wang</author>
<author>Sigifredo Laengle</author>
<author orcid="0000-0002-4672-6961">José M. Merigó</author>
<author>Dejian Yu</author>
<author>Enrique Herrera-Viedma</author>
<author orcid="0000-0001-6575-803X">Manuel J. Cobo</author>
<author>Bernadette Bouchon-Meunier</author>
<title>A Bibliometric Analysis of the First Twenty-Five Years of the International Journal of Uncertainty, Fuzziness and Knowledge-Based Systems.</title>
<pages>169-194</pages>
<year>2018</year>
<volume>26</volume>
<journal>International Journal of Uncertainty, Fuzziness and Knowledge-Based Systems</journal>
<number>2</number>
<url>db/journals/ijufks/ijufks26.html#WangLMYHCB18</url>
</article>
</r>
<r><article key="journals/ijufks/Bouchon-Meunier18" mdate="2019-12-19">
<author>Bernadette Bouchon-Meunier</author>
<title>Foreword.</title>
<year>2018</year>
<volume>26</volume>
<journal>International Journal of Uncertainty, Fuzziness and Knowledge-Based Systems</journal>
<number>Supplement-2</number>
<url>db/journals/ijufks/ijufks26.html#Bouchon-Meunier18</url>
</article>
</r>
<r><inproceedings key="conf/ipmu/Bouchon-Meunier18" mdate="2018-06-07">
<author>Bernadette Bouchon-Meunier</author>
<author>Christophe Marsala</author>
<title>Entropy and Monotonicity.</title>
<pages>332-343</pages>
<year>2018</year>
<booktitle>IPMU (2)</booktitle>
<crossref>conf/ipmu/2018-2</crossref>
<url>db/conf/ipmu/ipmu2018-2.html#Bouchon-Meunier18</url>
</inproceedings>
</r>
<r><proceedings key="conf/ipmu/2018-1" mdate="2018-05-30">
<editor>Jesús Medina</editor>
<editor>Manuel Ojeda-Aciego</editor>
<editor>José Luis Verdegay Galdeano</editor>
<editor>David A. Pelta</editor>
<editor>Inma P. Cabrera</editor>
<editor>Bernadette Bouchon-Meunier</editor>
<editor>Ronald R. Yager</editor>
<title>Information Processing and Management of Uncertainty in Knowledge-Based Systems. Theory and Foundations - 17th International Conference, IPMU 2018, Cádiz, Spain, June 11-15, 2018, Proceedings, Part I</title>
<booktitle>IPMU (1)</booktitle>
<publisher>Springer</publisher>
<year>2018</year>
<series href="db/series/ccis/index.html">Communications in Computer and Information Science</series>
<volume>853</volume>
<isbn>978-3-319-91472-5</isbn>
<isbn>978-3-319-91473-2</isbn>
<url>db/conf/ipmu/ipmu2018-1.html</url>
</proceedings>
</r>
<r><proceedings key="conf/ipmu/2018-2" mdate="2018-06-07">
<editor>Jesús Medina</editor>
<editor>Manuel Ojeda-Aciego</editor>
<editor>José Luis Verdegay Galdeano</editor>
<editor>David A. Pelta</editor>
<editor>Inma P. Cabrera</editor>
<editor>Bernadette Bouchon-Meunier</editor>
<editor>Ronald R. Yager</editor>
<title>Information Processing and Management of Uncertainty in Knowledge-Based Systems. Theory and Foundations - 17th International Conference, IPMU 2018, Cádiz, Spain, June 11-15, 2018, Proceedings, Part II</title>
<booktitle>IPMU (2)</booktitle>
<publisher>Springer</publisher>
<year>2018</year>
<series href="db/series/ccis/index.html">Communications in Computer and Information Science</series>
<volume>854</volume>
<isbn>978-3-319-91475-6</isbn>
<isbn>978-3-319-91476-3</isbn>
<url>db/conf/ipmu/ipmu2018-2.html</url>
</proceedings>
</r>
<r><proceedings key="conf/ipmu/2018-3" mdate="2018-05-29">
<editor>Jesús Medina</editor>
<editor>Manuel Ojeda-Aciego</editor>
<editor>José Luis Verdegay Galdeano</editor>
<editor>Irina Perfilieva</editor>
<editor>Bernadette Bouchon-Meunier</editor>
<editor>Ronald R. Yager</editor>
<title>Information Processing and Management of Uncertainty in Knowledge-Based Systems. Applications - 17th International Conference, IPMU 2018, Cádiz, Spain, June 11-15, 2018, Proceedings, Part III</title>
<booktitle>IPMU (3)</booktitle>
<publisher>Springer</publisher>
<year>2018</year>
<series href="db/series/ccis/index.html">Communications in Computer and Information Science</series>
<volume>855</volume>
<isbn>978-3-319-91478-7</isbn>
<isbn>978-3-319-91479-4</isbn>
<url>db/conf/ipmu/ipmu2018-3.html</url>
</proceedings>
</r>
<r><proceedings key="conf/sita/2018" mdate="2019-04-02">
<editor>Abdelaziz Berrado</editor>
<editor>Zohra Bakkoury</editor>
<editor>Bernadette Bouchon-Meunier</editor>
<editor>Mohammed Ramdani</editor>
<title>Proceedings of the 12th International Conference on Intelligent Systems: Theories and Applications, SITA 2018, Rabat, Morocco, October 24-25, 2018.</title>
<publisher>ACM</publisher>
<booktitle>SITA</booktitle>
<year>2018</year>
<isbn>978-1-4503-6462-1</isbn>
<url>db/conf/sita/sita2018.html</url>
</proceedings>
</r>
<r><article key="journals/cim/Bouchon-Meunier17" mdate="2017-05-27">
<author>Bernadette Bouchon-Meunier</author>
<title>[Conference Calendar].</title>
<pages>56-</pages>
<year>2017</year>
<volume>12</volume>
<journal>IEEE Comp. Int. Mag.</journal>
<number>1</number>
<url>db/journals/cim/cim12.html#Bouchon-Meunier17</url>
</article>
</r>
<r><article key="journals/cim/Bouchon-Meunier17a" mdate="2017-05-27">
<author>Bernadette Bouchon-Meunier</author>
<title>[Conference Calendar].</title>
<pages>70-71</pages>
<year>2017</year>
<volume>12</volume>
<journal>IEEE Comp. Int. Mag.</journal>
<number>2</number>
<url>db/journals/cim/cim12.html#Bouchon-Meunier17a</url>
</article>
</r>
<r><article key="journals/cim/Bouchon-Meunier17b" mdate="2017-10-17">
<author>Bernadette Bouchon-Meunier</author>
<title>Conference Calendar [Conference Calendar].</title>
<pages>102</pages>
<year>2017</year>
<volume>12</volume>
<journal>IEEE Comp. Int. Mag.</journal>
<number>4</number>
<url>db/journals/cim/cim12.html#Bouchon-Meunier17b</url>
</article>
</r>
<r><inproceedings key="conf/fuzzIEEE/LesotB17" mdate="2017-08-29">
<author>Marie-Jeanne Lesot</author>
<author>Bernadette Bouchon-Meunier</author>
<title>A local transformation-based constraint-guided GMP compatible with an interpolation scheme.</title>
<pages>1-6</pages>
<year>2017</year>
<booktitle>FUZZ-IEEE</booktitle>
<crossref>conf/fuzzIEEE/2017</crossref>
<url>db/conf/fuzzIEEE/fuzzIEEE2017.html#LesotB17</url>
</inproceedings>
</r>
<r><incollection key="series/sfsc/Bouchon-MeunierM17" mdate="2019-04-14">
<author>Bernadette Bouchon-Meunier</author>
<author>Christophe Marsala</author>
<title>Entropy Measures and Views of Information.</title>
<pages>47-63</pages>
<year>2017</year>
<booktitle>Granular, Soft and Fuzzy Approaches for Intelligent Systems</booktitle>
<crossref>series/sfsc/2017-344</crossref>
<url>db/series/sfsc/sfsc344.html#Bouchon-MeunierM17</url>
</incollection>
</r>
<r><article key="journals/cim/Bouchon-Meunier16" mdate="2017-05-27">
<author>Bernadette Bouchon-Meunier</author>
<title>Conference Calendar.</title>
<pages>70-71</pages>
<year>2016</year>
<volume>11</volume>
<journal>IEEE Comp. Int. Mag.</journal>
<number>2</number>
<url>db/journals/cim/cim11.html#Bouchon-Meunier16</url>
</article>
</r>
<r><article key="journals/cim/Bouchon-Meunier16a" mdate="2017-05-27">
<author>Bernadette Bouchon-Meunier</author>
<title>[Conference Calendar].</title>
<pages>74-75</pages>
<year>2016</year>
<volume>11</volume>
<journal>IEEE Comp. Int. Mag.</journal>
<number>3</number>
<url>db/journals/cim/cim11.html#Bouchon-Meunier16a</url>
</article>
</r>
<r><article key="journals/cim/Bouchon-Meunier16b" mdate="2017-05-27">
<author>Bernadette Bouchon-Meunier</author>
<title>[Conference Calendar].</title>
<pages>69-70</pages>
<year>2016</year>
<volume>11</volume>
<journal>IEEE Comp. Int. Mag.</journal>
<number>4</number>
<url>db/journals/cim/cim11.html#Bouchon-Meunier16b</url>
</article>
</r>
<r><article key="journals/fss/LesotMB16" mdate="2017-06-14">
<author>Marie-Jeanne Lesot</author>
<author orcid="0000-0002-1536-1250">Gilles Moyse</author>
<author>Bernadette Bouchon-Meunier</author>
<title>Interpretability of fuzzy linguistic summaries.</title>
<pages>307-317</pages>
<year>2016</year>
<volume>292</volume>
<journal>Fuzzy Sets and Systems</journal>
<url>db/journals/fss/fss292.html#LesotMB16</url>
</article>
</r>
<r><article key="journals/ijufks/Bouchon-Meunier16" mdate="2017-05-28">
<author>Bernadette Bouchon-Meunier</author>
<title>Foreword.</title>
<pages>481-482</pages>
<year>2016</year>
<volume>24</volume>
<journal>International Journal of Uncertainty, Fuzziness and Knowledge-Based Systems</journal>
<number>4</number>
<url>db/journals/ijufks/ijufks24.html#Bouchon-Meunier16</url>
</article>
</r>
<r><inproceedings key="conf/ijcci/Bouchon-Meunier16" mdate="2016-11-28">
<author>Bernadette Bouchon-Meunier</author>
<title>Fuzzy approaches to data mining.</title>
<pages>9</pages>
<year>2016</year>
<booktitle>IJCCI (ECTA)</booktitle>
<crossref>conf/ijcci/2016ecta</crossref>
<url>db/conf/ijcci/ijcci2016ecta.html#Bouchon-Meunier16</url>
</inproceedings>
</r>
<r><proceedings key="conf/ipmu/2016-1" mdate="2017-05-21">
<editor>João Paulo Carvalho</editor>
<editor>Marie-Jeanne Lesot</editor>
<editor>Uzay Kaymak</editor>
<editor>Susana M. Vieira</editor>
<editor>Bernadette Bouchon-Meunier</editor>
<editor>Ronald R. Yager</editor>
<title>Information Processing and Management of Uncertainty in Knowledge-Based Systems - 16th International Conference, IPMU 2016, Eindhoven, The Netherlands, June 20-24, 2016, Proceedings, Part I</title>
<booktitle>IPMU (1)</booktitle>
<publisher>Springer</publisher>
<year>2016</year>
<series href="db/series/ccis/index.html">Communications in Computer and Information Science</series>
<volume>610</volume>
<isbn>978-3-319-40595-7</isbn>
<url>db/conf/ipmu/ipmu2016-1.html</url>
</proceedings>
</r>
<r><proceedings key="conf/ipmu/2016-2" mdate="2017-06-04">
<editor>João Paulo Carvalho</editor>
<editor>Marie-Jeanne Lesot</editor>
<editor>Uzay Kaymak</editor>
<editor orcid="0000-0001-7961-1004">Susana M. Vieira</editor>
<editor>Bernadette Bouchon-Meunier</editor>
<editor>Ronald R. Yager</editor>
<title>Information Processing and Management of Uncertainty in Knowledge-Based Systems - 16th International Conference, IPMU 2016, Eindhoven, The Netherlands, June 20-24, 2016, Proceedings, Part II</title>
<booktitle>IPMU (2)</booktitle>
<publisher>Springer</publisher>
<year>2016</year>
<series href="db/series/ccis/index.html">Communications in Computer and Information Science</series>
<volume>611</volume>
<isbn>978-3-319-40580-3</isbn>
<url>db/conf/ipmu/ipmu2016-2.html</url>
</proceedings>
</r>
<r><article key="journals/cim/Bouchon-Meunier15" mdate="2017-05-27">
<author>Bernadette Bouchon-Meunier</author>
<title>IEEE CIS VP-Conferences Vision Statement [Society Briefs].</title>
<pages>10-12</pages>
<year>2015</year>
<volume>10</volume>
<journal>IEEE Comp. Int. Mag.</journal>
<number>1</number>
<url>db/journals/cim/cim10.html#Bouchon-Meunier15</url>
</article>
</r>
<r><article key="journals/cim/Bouchon-Meunier15a" mdate="2017-05-27">
<author>Bernadette Bouchon-Meunier</author>
<title>[Conference Calendar].</title>
<pages>78</pages>
<year>2015</year>
<volume>10</volume>
<journal>IEEE Comp. Int. Mag.</journal>
<number>3</number>
<url>db/journals/cim/cim10.html#Bouchon-Meunier15a</url>
</article>
</r>
<r><article key="journals/cim/Bouchon-Meunier15b" mdate="2017-05-27">
<author>Bernadette Bouchon-Meunier</author>
<title>[Conference Calendar].</title>
<pages>79</pages>
<year>2015</year>
<volume>10</volume>
<journal>IEEE Comp. Int. Mag.</journal>
<number>4</number>
<url>db/journals/cim/cim10.html#Bouchon-Meunier15b</url>
</article>
</r>
<r><article key="journals/fss/MarsalaB15" mdate="2017-05-28">
<author>Christophe Marsala</author>
<author>Bernadette Bouchon-Meunier</author>
<title>Fuzzy data mining and management of interpretable and subjective information.</title>
<pages>252-259</pages>
<year>2015</year>
<volume>281</volume>
<journal>Fuzzy Sets and Systems</journal>
<url>db/journals/fss/fss281.html#MarsalaB15</url>
</article>
</r>
<r><article key="journals/ijufks/Bouchon-Meunier15" mdate="2018-01-15">
<author>Bernadette Bouchon-Meunier</author>
<title>Foreword.</title>
<year>2015</year>
<volume>23</volume>
<journal>International Journal of Uncertainty, Fuzziness and Knowledge-Based Systems</journal>
<number>Supplement-1</number>
<url>db/journals/ijufks/ijufks23.html#Bouchon-Meunier15</url>
</article>
</r>
<r><article key="journals/tist/ChanguelLB15" mdate="2018-11-06">
<author>Sahar Changuel</author>
<author orcid="0000-0002-2794-2124">Nicolas Labroche</author>
<author>Bernadette Bouchon-Meunier</author>
<title>Resources Sequencing Using Automatic Prerequisite-Outcome Annotation.</title>
<pages>6:1-6:30</pages>
<year>2015</year>
<volume>6</volume>
<journal>ACM TIST</journal>
<number>1</number>
<url>db/journals/tist/tist6.html#ChanguelLB15</url>
</article>
</r>
<r><inproceedings key="conf/birthday/Bouchon-Meunier15" mdate="2017-05-23">
<author>Bernadette Bouchon-Meunier</author>
<title>Interpretability, a Silver Lining to a Fuzzy Cloud.</title>
<pages>223-231</pages>
<year>2015</year>
<booktitle>A Passion for Fuzzy Sets</booktitle>
<crossref>conf/birthday/2015trillas</crossref>
<url>db/conf/birthday/trillas2015.html#Bouchon-Meunier15</url>
</inproceedings>
</r>
<r><inproceedings key="conf/fuzzIEEE/MoyseLB15" mdate="2017-05-21">
<author>Gilles Moyse</author>
<author>Marie-Jeanne Lesot</author>
<author>Bernadette Bouchon-Meunier</author>
<title>Oppositions in Fuzzy Linguistic Summaries.</title>
<pages>1-8</pages>
<year>2015</year>
<booktitle>FUZZ-IEEE</booktitle>
<crossref>conf/fuzzIEEE/2015</crossref>
<url>db/conf/fuzzIEEE/fuzzIEEE2015.html#MoyseLB15</url>
</inproceedings>
</r>
<r><incollection key="series/sfsc/Bouchon-MeunierM15" mdate="2017-05-16">
<author>Bernadette Bouchon-Meunier</author>
<author>Christophe Marsala</author>
<title>Fuzzy Modifiers at the Core of Interpretable Fuzzy Systems.</title>
<pages>51-63</pages>
<year>2015</year>
<booktitle>Fifty Years of Fuzzy Logic and its Applications</booktitle>
<crossref>series/sfsc/2015-326</crossref>
<url>db/series/sfsc/sfsc326.html#Bouchon-MeunierM15</url>
</incollection>
</r>
<r><incollection key="series/sfsc/Bouchon-Meunier15" mdate="2017-05-16">
<author>Bernadette Bouchon-Meunier</author>
<title>Enric Trillas Barcelona.</title>
<pages>137-138</pages>
<year>2015</year>
<booktitle>Accuracy and Fuzziness</booktitle>
<crossref>series/sfsc/2015-323</crossref>
<url>db/series/sfsc/sfsc323.html#Bouchon-Meunier15</url>
</incollection>
</r>
<r><article key="journals/cim/PalB14" mdate="2017-05-27">
<author>Nikhil R. Pal</author>
<author>Bernadette Bouchon-Meunier</author>
<title>A Report on Fuzz-IEEE 2013 [Conference Report].</title>
<pages>17-18</pages>
<year>2014</year>
<volume>9</volume>
<journal>IEEE Comp. Int. Mag.</journal>
<number>1</number>
<url>db/journals/cim/cim9.html#PalB14</url>
</article>
</r>
<r><article key="journals/ijufks/Bouchon-Meunier14" mdate="2017-05-28">
<author>Bernadette Bouchon-Meunier</author>
<title>Foreword.</title>
<pages>179-180</pages>
<year>2014</year>
<volume>22</volume>
<journal>International Journal of Uncertainty, Fuzziness and Knowledge-Based Systems</journal>
<number>2</number>
<url>db/journals/ijufks/ijufks22.html#Bouchon-Meunier14</url>
</article>
</r>
<r><proceedings key="conf/ipmu/2014-1" mdate="2017-05-21">
<editor>Anne Laurent</editor>
<editor>Olivier Strauss</editor>
<editor>Bernadette Bouchon-Meunier</editor>
<editor>Ronald R. Yager</editor>
<title>Information Processing and Management of Uncertainty in Knowledge-Based Systems - 15th International Conference, IPMU 2014, Montpellier, France, July 15-19, 2014, Proceedings, Part I</title>
<year>2014</year>
<publisher>Springer</publisher>
<series href="db/series/ccis/index.html">Communications in Computer and Information Science</series>
<volume>442</volume>
<isbn>978-3-319-08794-8</isbn>
<booktitle>IPMU (1)</booktitle>
<url>db/conf/ipmu/ipmu2014-1.html</url>
</proceedings>
</r>
<r><proceedings key="conf/ipmu/2014-2" mdate="2017-05-21">
<editor>Anne Laurent</editor>
<editor>Olivier Strauss</editor>
<editor>Bernadette Bouchon-Meunier</editor>
<editor>Ronald R. Yager</editor>
<title>Information Processing and Management of Uncertainty in Knowledge-Based Systems - 15th International Conference, IPMU 2014, Montpellier, France, July 15-19, 2014, Proceedings, Part II</title>
<year>2014</year>
<publisher>Springer</publisher>
<series href="db/series/ccis/index.html">Communications in Computer and Information Science</series>
<volume>443</volume>
<isbn>978-3-319-08854-9</isbn>
<booktitle>IPMU (2)</booktitle>
<url>db/conf/ipmu/ipmu2014-2.html</url>
</proceedings>
</r>
<r><proceedings key="conf/ipmu/2014-3" mdate="2017-05-21">
<editor>Anne Laurent</editor>
<editor>Olivier Strauss</editor>
<editor>Bernadette Bouchon-Meunier</editor>
<editor>Ronald R. Yager</editor>
<title>Information Processing and Management of Uncertainty in Knowledge-Based Systems - 15th International Conference, IPMU 2014, Montpellier, France, July 15-19, 2014, Proceedings, Part III</title>
<year>2014</year>
<publisher>Springer</publisher>
<series href="db/series/ccis/index.html">Communications in Computer and Information Science</series>
<volume>444</volume>
<isbn>978-3-319-08851-8</isbn>
<booktitle>IPMU (3)</booktitle>
<url>db/conf/ipmu/ipmu2014-3.html</url>
</proceedings>
</r>
<r><article key="journals/ijgs/Bouchon-MeunierLM13" mdate="2017-05-20">
<author>Bernadette Bouchon-Meunier</author>
<author>Marie-Jeanne Lesot</author>
<author>Christophe Marsala</author>
<title>Modelling and management of subjective information in a fuzzy setting.</title>
<pages>3-19</pages>
<year>2013</year>
<volume>42</volume>
<journal>Int. J. General Systems</journal>
<number>1</number>
<url>db/journals/ijgs/ijgs42.html#Bouchon-MeunierLM13</url>
</article>
</r>
<r><article key="journals/ijufks/Bouchon-Meunier13" mdate="2017-05-28">
<author>Bernadette Bouchon-Meunier</author>
<title>Foreword.</title>
<pages>797-798</pages>
<year>2013</year>
<volume>21</volume>
<journal>International Journal of Uncertainty, Fuzziness and Knowledge-Based Systems</journal>
<number>6</number>
<url>db/journals/ijufks/ijufks21.html#Bouchon-Meunier13</url>
</article>
</r>
<r><inproceedings key="conf/birthday/Bouchon-Meunier13" mdate="2019-04-11">
<author>Bernadette Bouchon-Meunier</author>
<title>Lotfi A. Zadeh, from Information Processing to Computing with Words.</title>
<pages>65-68</pages>
<year>2013</year>
<booktitle>On Fuzziness (1)</booktitle>
<crossref>conf/birthday/2013zadeh1</crossref>
<url>db/conf/birthday/zadeh2013-1.html#Bouchon-Meunier13</url>
</inproceedings>
</r>
<r><inproceedings key="conf/birthday/ZengKCB13" mdate="2017-05-23">
<author>Xianyi Zeng</author>
<author>Ludovic Koehl</author>
<author>Mauricio Camargo</author>
<author>Bernadette Bouchon-Meunier</author>
<title>Da and His Friends in France.</title>
<pages>173-176</pages>
<year>2013</year>
<booktitle>A Tribute to Prof. Dr. Da Ruan</booktitle>
<crossref>conf/birthday/2013daruan</crossref>
<url>db/conf/birthday/daruan2013.html#ZengKCB13</url>
</inproceedings>
</r>
<r><inproceedings key="conf/foci/MoyseLB13" mdate="2017-05-17">
<author>Gilles Moyse</author>
<author>Marie-Jeanne Lesot</author>
<author>Bernadette Bouchon-Meunier</author>
<title>Linguistic summaries for periodicity detection based on mathematical morphology.</title>
<pages>106-113</pages>
<year>2013</year>
<booktitle>FOCI</booktitle>
<crossref>conf/foci/2013</crossref>
<url>db/conf/foci/foci2013.html#MoyseLB13</url>
</inproceedings>
</r>
<r><inproceedings key="conf/fqas/MoyseLB13" mdate="2017-05-21">
<author>Gilles Moyse</author>
<author>Marie-Jeanne Lesot</author>
<author>Bernadette Bouchon-Meunier</author>
<title>Mathematical Morphology Tools to Evaluate Periodic Linguistic Summaries.</title>
<pages>257-268</pages>
<year>2013</year>
<booktitle>FQAS</booktitle>
<crossref>conf/fqas/2013</crossref>
<url>db/conf/fqas/fqas2013.html#MoyseLB13</url>
</inproceedings>
</r>
<r><inproceedings key="conf/fuzzIEEE/AlmeidaLBKM13" mdate="2017-04-29">
<author>Rui Jorge Almeida</author>
<author>Marie-Jeanne Lesot</author>
<author>Bernadette Bouchon-Meunier</author>
<author>Uzay Kaymak</author>
<author>Gilles Moyse</author>
<title>Linguistic summaries of categorical time series for septic shock patient data.</title>
<pages>1-8</pages>
<year>2013</year>
<booktitle>FUZZ-IEEE</booktitle>
<crossref>conf/fuzzIEEE/2013</crossref>
<url>db/conf/fuzzIEEE/fuzzIEEE2013.html#AlmeidaLBKM13</url>
</inproceedings>
</r>
<r><inproceedings key="conf/fuzzIEEE/VoDB13" mdate="2017-04-29">
<author>Phuc-Nguyen Vo</author>
<author>Marcin Detyniecki</author>
<author>Bernadette Bouchon-Meunier</author>
<title>Gradual Generalized Modus Ponens.</title>
<pages>1-7</pages>
<year>2013</year>
<booktitle>FUZZ-IEEE</booktitle>
<crossref>conf/fuzzIEEE/2013</crossref>
<url>db/conf/fuzzIEEE/fuzzIEEE2013.html#VoDB13</url>
</inproceedings>
</r>
<r><article key="journals/jaihc/ChungBC12" mdate="2018-06-26">
<author>Pau-Choo Chung</author>
<author>Bernadette Bouchon-Meunier</author>
<author>Chuan-Yu Chang</author>
<title>Preface for special issue on "Emotional intelligence and ambient intelligence".</title>
<pages>1-2</pages>
<year>2012</year>
<volume>3</volume>
<journal>J. Ambient Intelligence and Humanized Computing</journal>
<number>1</number>
<ee type="oa">https://doi.org/10.1007/s12652-011-0083-x</ee>
<url>db/journals/jaihc/jaihc3.html#ChungBC12</url>
</article>
</r>
<r><article key="journals/pr/VuLB12" mdate="2017-09-16">
<author>Viet-Vu Vu</author>
<author orcid="0000-0002-2794-2124">Nicolas Labroche</author>
<author>Bernadette Bouchon-Meunier</author>
<title>Improving constrained clustering with active query selection.</title>
<pages>1749-1758</pages>
<year>2012</year>
<volume>45</volume>
<journal>Pattern Recognition</journal>
<number>4</number>
<url>db/journals/pr/pr45.html#VuLB12</url>
</article>
</r>
<r><inproceedings key="conf/cifer/Bouchon-MeunierM12" mdate="2017-05-19">
<author>Bernadette Bouchon-Meunier</author>
<author>Gilles Moyse</author>
<title>Fuzzy linguistic summaries: Where are we, where can we go?</title>
<pages>1-8</pages>
<year>2012</year>
<booktitle>CIFEr</booktitle>
<crossref>conf/cifer/2012</crossref>
<url>db/conf/cifer/cifer2012.html#Bouchon-MeunierM12</url>
</inproceedings>
</r>
<r><inproceedings key="conf/fuzzIEEE/LesotNDCB12" mdate="2017-05-21">
<author>Marie-Jeanne Lesot</author>
<author>François Nel</author>
<author>Thomas Delavallade</author>
<author>Philippe Capet</author>
<author>Bernadette Bouchon-Meunier</author>
<title>Two methods for Internet buzz detection exploiting the citation graph.</title>
<pages>1-8</pages>
<year>2012</year>
<booktitle>FUZZ-IEEE</booktitle>
<crossref>conf/fuzzIEEE/2012</crossref>
<url>db/conf/fuzzIEEE/fuzzIEEE2012.html#LesotNDCB12</url>
</inproceedings>
</r>
<r><incollection key="series/sfsc/DetynieckiMB12" mdate="2017-05-16">
<author>Marcin Detyniecki</author>
<author>Benjamin Moubêche</author>
<author>Bernadette Bouchon-Meunier</author>
<title>On the Paradoxical Success of Mamdani's Minimum-Based Inference.</title>
<pages>259-270</pages>
<year>2012</year>
<booktitle>Combining Experimentation and Theory</booktitle>
<crossref>series/sfsc/TrillasBMK12</crossref>
<url>db/series/sfsc/TrillasBMK12.html#DetynieckiMB12</url>
</incollection>
</r>
<r><proceedings key="conf/ipmu/2012-1" mdate="2017-05-21">
<editor>Salvatore Greco</editor>
<editor>Bernadette Bouchon-Meunier</editor>
<editor>Giulianella Coletti</editor>
<editor>Mario Fedrizzi</editor>
<editor>Benedetto Matarazzo</editor>
<editor>Ronald R. Yager</editor>
<title>Advances on Computational Intelligence - 14th International Conference on Information Processing and Management of Uncertainty in Knowledge-Based Systems, IPMU 2012, Catania, Italy, July 9-13, 2012. Proceedings, Part I</title>
<volume>297</volume>
<year>2012</year>
<publisher>Springer</publisher>
<series href="db/series/ccis/index.html">Communications in Computer and Information Science</series>
<isbn>978-3-642-31708-8</isbn>
<booktitle>IPMU (1)</booktitle>
<url>db/conf/ipmu/ipmu2012-1.html</url>
</proceedings>
</r>
<r><proceedings key="conf/ipmu/2012-2" mdate="2017-05-21">
<editor>Salvatore Greco</editor>
<editor>Bernadette Bouchon-Meunier</editor>
<editor>Giulianella Coletti</editor>
<editor>Mario Fedrizzi</editor>
<editor>Benedetto Matarazzo</editor>
<editor>Ronald R. Yager</editor>
<title>Advances on Computational Intelligence - 14th International Conference on Information Processing and Management of Uncertainty in Knowledge-Based Systems, IPMU 2012, Catania, Italy, July 9-13, 2012. Proceedings, Part II</title>
<volume>298</volume>
<year>2012</year>
<publisher>Springer</publisher>
<series href="db/series/ccis/index.html">Communications in Computer and Information Science</series>
<isbn>978-3-642-31714-9</isbn>
<booktitle>IPMU (2)</booktitle>
<url>db/conf/ipmu/ipmu2012-2.html</url>
</proceedings>
</r>
<r><proceedings key="conf/ipmu/2012-3" mdate="2017-05-21">
<editor>Salvatore Greco</editor>
<editor>Bernadette Bouchon-Meunier</editor>
<editor>Giulianella Coletti</editor>
<editor>Mario Fedrizzi</editor>
<editor>Benedetto Matarazzo</editor>
<editor>Ronald R. Yager</editor>
<title>Advances in Computational Intelligence - 14th International Conference on Information Processing and Management of Uncertainty in Knowledge-Based Systems, IPMU 2012, Catania, Italy, July 9-13, 2012, Proceedings, Part III</title>
<volume>299</volume>
<year>2012</year>
<publisher>Springer</publisher>
<series href="db/series/ccis/index.html">Communications in Computer and Information Science</series>
<isbn>978-3-642-31717-0</isbn>
<booktitle>IPMU (3)</booktitle>
<url>db/conf/ipmu/ipmu2012-3.html</url>
</proceedings>
</r>
<r><proceedings key="conf/ipmu/2012-4" mdate="2017-05-21">
<editor>Salvatore Greco</editor>
<editor>Bernadette Bouchon-Meunier</editor>
<editor>Giulianella Coletti</editor>
<editor>Mario Fedrizzi</editor>
<editor>Benedetto Matarazzo</editor>
<editor>Ronald R. Yager</editor>
<title>Advances in Computational Intelligence - 14th International Conference on Information Processing and Management of Uncertainty in Knowledge-Based Systems, IPMU 2012, Catania, Italy, July 9-13, 2012, Proceedings, Part IV</title>
<volume>300</volume>
<year>2012</year>
<publisher>Springer</publisher>
<series href="db/series/ccis/index.html">Communications in Computer and Information Science</series>
<isbn>978-3-642-31723-1</isbn>
<booktitle>IPMU (4)</booktitle>
<url>db/conf/ipmu/ipmu2012-4.html</url>
</proceedings>
</r>
<r><proceedings key="conf/wcci/2012" mdate="2019-05-14">
<editor>Jing Liu 0006</editor>
<editor>Cesare Alippi</editor>
<editor>Bernadette Bouchon-Meunier</editor>
<editor>Garrison W. Greenwood</editor>
<editor>Hussein A. Abbass</editor>
<title>Advances in Computational Intelligence - IEEE World Congress on Computational Intelligence, WCCI 2012, Brisbane, Australia, June 10-15, 2012. Plenary/Invited Lectures</title>
<volume>7311</volume>
<year>2012</year>
<publisher>Springer</publisher>
<series href="db/series/lncs/index.html">Lecture Notes in Computer Science</series>
<isbn>978-3-642-30686-0</isbn>
<booktitle>WCCI</booktitle>
<url>db/conf/wcci/wcci2012.html</url>
</proceedings>
</r>
<r><article key="journals/cim/Bouchon-Meunier11" mdate="2017-05-27">
<author>Bernadette Bouchon-Meunier</author>
<title>2011 IEEE Symposium Series on Computational Intelligence.</title>
<pages>19-22</pages>
<year>2011</year>
<volume>6</volume>
<journal>IEEE Comp. Int. Mag.</journal>
<number>4</number>
<url>db/journals/cim/cim6.html#Bouchon-Meunier11</url>
</article>
</r>
<r><inproceedings key="conf/cifer/BareckeBD11" mdate="2017-05-19">
<author>Thomas Bärecke</author>
<author>Bernadette Bouchon-Meunier</author>
<author>Marcin Detyniecki</author>
<title>Fuzzy present value.</title>
<pages>65-80</pages>
<year>2011</year>
<booktitle>CIFEr</booktitle>
<crossref>conf/cifer/2011</crossref>
<url>db/conf/cifer/cifer2011.html#BareckeBD11</url>
</inproceedings>
</r>
<r><inproceedings key="conf/eusflat/LesotDPABC11" mdate="2017-05-21">
<author>Marie-Jeanne Lesot</author>
<author>Thomas Delavallade</author>
<author>Frédéric Pichon</author>
<author>Herman Akdag</author>
<author>Bernadette Bouchon-Meunier</author>
<author>Philippe Capet</author>
<title>Proposition of a semi-automatic possibilistic information scoring process.</title>
<pages>949-956</pages>
<year>2011</year>
<booktitle>EUSFLAT Conf.</booktitle>
<crossref>conf/eusflat/2011</crossref>
<url>db/conf/eusflat/eusflat2011.html#LesotDPABC11</url>
</inproceedings>
</r>
<r><inproceedings key="conf/euvip/Bouchon-Meunier11" mdate="2017-05-26">
<author>Bernadette Bouchon-Meunier</author>
<title>Similarity and prototype: Two key issues in perceptive and subjective information.</title>
<pages>222</pages>
<year>2011</year>
<booktitle>EUVIP</booktitle>
<crossref>conf/euvip/2011</crossref>
<url>db/conf/euvip/euvip2011.html#Bouchon-Meunier11</url>
</inproceedings>
</r>
<r><inproceedings key="conf/f-egc/BareckeLAB11" mdate="2014-04-24">
<author>Thomas Bärecke</author>
<author>Marie-Jeanne Lesot</author>
<author>Herman Akdag</author>
<author>Bernadette Bouchon-Meunier</author>
<title>Prise en compte du réseau de sources pour la fusion d'informations.</title>
<pages>323-324</pages>
<year>2011</year>
<booktitle>EGC</booktitle>
<crossref>conf/f-egc/2011</crossref>
<url>db/conf/f-egc/egc2011.html#BareckeLAB11</url>
</inproceedings>
</r>
<r><article key="journals/siu/Jhean-LaroseLDDB10" mdate="2011-09-25">
<author>Sandra Jhean-Larose</author>
<author>Vincent Leclercq</author>
<author>Javier Diaz</author>
<author>Guy Denhière</author>
<author>Bernadette Bouchon-Meunier</author>
<title>Knowledge evaluation based on LSA: MCQs and free answer questions.</title>
<pages>57-84</pages>
<year>2010</year>
<volume>8</volume>
<journal>Stud. Inform. Univ.</journal>
<number>1</number>
<url>db/journals/siu/siu8.html#Jhean-LaroseLDDB10</url>
</article>
</r>
<r><inproceedings key="conf/cig/LevillainORB10" mdate="2017-05-23">
<author>Florent Levillain</author>
<author>Joseph Onderi Orero</author>
<author>Maria Rifqi</author>
<author>Bernadette Bouchon-Meunier</author>
<title>Characterizing player's experience from physiological signals using fuzzy decision trees.</title>
<pages>75-82</pages>
<year>2010</year>
<booktitle>CIG</booktitle>
<crossref>conf/cig/2010</crossref>
<url>db/conf/cig/cig2010.html#LevillainORB10</url>
</inproceedings>
</r>
<r><inproceedings key="conf/ecai/VuLB10" mdate="2010-08-23">
<author>Viet-Vu Vu</author>
<author>Nicolas Labroche</author>
<author>Bernadette Bouchon-Meunier</author>
<title>Boosting Clustering by Active Constraint Selection.</title>
<pages>297-302</pages>
<year>2010</year>
<booktitle>ECAI</booktitle>
<crossref>conf/ecai/2010</crossref>
<url>db/conf/ecai/ecai2010.html#VuLB10</url>
</inproceedings>
</r>
<r><inproceedings key="conf/fuzzIEEE/Bouchon-MeunierLLR10" mdate="2017-05-21">
<author>Bernadette Bouchon-Meunier</author>
<author>Anne Laurent</author>
<author>Marie-Jeanne Lesot</author>
<author>Maria Rifqi</author>
<title>Strengthening fuzzy gradual rules through "all the more" clauses.</title>
<pages>1-7</pages>
<year>2010</year>
<booktitle>FUZZ-IEEE</booktitle>
<crossref>conf/fuzzIEEE/2010</crossref>
<url>db/conf/fuzzIEEE/fuzzIEEE2010.html#Bouchon-MeunierLLR10</url>
</inproceedings>
</r>
<r><inproceedings key="conf/fuzzIEEE/DzogangLRB10" mdate="2017-05-21">
<author>Fabon Dzogang</author>
<author>Marie-Jeanne Lesot</author>
<author>Maria Rifqi</author>
<author>Bernadette Bouchon-Meunier</author>
<title>Expressions of graduality for sentiments analysis - A survey.</title>
<pages>1-7</pages>
<year>2010</year>
<booktitle>FUZZ-IEEE</booktitle>
<crossref>conf/fuzzIEEE/2010</crossref>
<url>db/conf/fuzzIEEE/fuzzIEEE2010.html#DzogangLRB10</url>
</inproceedings>
</r>
<r><inproceedings key="conf/fuzzIEEE/MarsalaB10" mdate="2017-05-21">
<author>Christophe Marsala</author>
<author>Bernadette Bouchon-Meunier</author>
<title>Quality of measures for attribute selection in fuzzy decision trees.</title>
<pages>1-8</pages>
<year>2010</year>
<booktitle>FUZZ-IEEE</booktitle>
<crossref>conf/fuzzIEEE/2010</crossref>
<url>db/conf/fuzzIEEE/fuzzIEEE2010.html#MarsalaB10</url>
</inproceedings>
</r>
<r><inproceedings key="conf/icpr/VuLB10" mdate="2017-09-16">
<author>Viet-Vu Vu</author>
<author orcid="0000-0002-2794-2124">Nicolas Labroche</author>
<author>Bernadette Bouchon-Meunier</author>
<title>An Efficient Active Constraint Selection Algorithm for Clustering.</title>
<pages>2969-2972</pages>
<year>2010</year>
<booktitle>ICPR</booktitle>
<crossref>conf/icpr/2010</crossref>
<url>db/conf/icpr/icpr2010.html#VuLB10</url>
</inproceedings>
</r>
<r><inproceedings key="conf/ictai/VuLB10" mdate="2017-09-16">
<author>Viet-Vu Vu</author>
<author orcid="0000-0002-2794-2124">Nicolas Labroche</author>
<author>Bernadette Bouchon-Meunier</author>
<title>Active Learning for Semi-Supervised K-Means Clustering.</title>
<pages>12-15</pages>
<year>2010</year>
<booktitle>ICTAI (1)</booktitle>
<crossref>conf/ictai/2010-1</crossref>
<url>db/conf/ictai/ictai2010-1.html#VuLB10</url>
</inproceedings>
</r>
<r><inproceedings key="conf/ijcnn/ChanguelLB10" mdate="2017-09-16">
<author>Sahar Changuel</author>
<author orcid="0000-0002-2794-2124">Nicolas Labroche</author>
<author>Bernadette Bouchon-Meunier</author>
<title>Automatic concept type identification from learning resources.</title>
<pages>1-6</pages>
<year>2010</year>
<booktitle>IJCNN</booktitle>
<crossref>conf/ijcnn/2010</crossref>
<url>db/conf/ijcnn/ijcnn2010.html#ChanguelLB10</url>
</inproceedings>
</r>
<r><inproceedings key="conf/ipmu/Bouchon-MeunierCLR10" mdate="2017-06-04">
<author>Bernadette Bouchon-Meunier</author>
<author orcid="0000-0002-0152-1735">Giulianella Coletti</author>
<author>Marie-Jeanne Lesot</author>
<author>Maria Rifqi</author>
<title>Towards a Conscious Choice of a Fuzzy Similarity Measure: A Qualitative Point of View.</title>
<pages>1-10</pages>
<year>2010</year>
<booktitle>IPMU</booktitle>
<crossref>conf/ipmu/2010</crossref>
<url>db/conf/ipmu/ipmu2010.html#Bouchon-MeunierCLR10</url>
</inproceedings>
</r>
<r><article key="journals/cim/Bouchon-MeunierGd09" mdate="2017-06-05">
<author>Bernadette Bouchon-Meunier</author>
<author orcid="0000-0002-5745-6805">Sylvie Galichet</author>
<author>Adrien Revault d'Allonnes</author>
<title>France Chapter Report.</title>
<pages>18-21</pages>
<year>2009</year>
<volume>4</volume>
<journal>IEEE Comp. Int. Mag.</journal>
<number>2</number>
<url>db/journals/cim/cim4.html#Bouchon-MeunierGd09</url>
</article>
</r>
<r><inproceedings key="conf/csedu/TranBMP09" mdate="2009-09-14">
<author>Tri Duc Tran</author>
<author>Bernadette Bouchon-Meunier</author>
<author>Christophe Marsala</author>
<author>Georges-Marie Putois</author>
<title>An Intelligent Assistant to Support Students and to Prevent them from Dropout.</title>
<pages>167-172</pages>
<year>2009</year>
<booktitle>CSEDU (1)</booktitle>
<crossref>conf/csedu/2009-1</crossref>
<url>db/conf/csedu/csedu2009-1.html#TranBMP09</url>
</inproceedings>
</r>
<r><inproceedings key="conf/ecsqaru/Bouchon-MeunierCLR09" mdate="2017-06-02">
<author>Bernadette Bouchon-Meunier</author>
<author orcid="0000-0002-0152-1735">Giulianella Coletti</author>
<author>Marie-Jeanne Lesot</author>
<author>Maria Rifqi</author>
<title>Towards a Conscious Choice of a Similarity Measure: A Qualitative Point of View.</title>
<pages>542-553</pages>
<year>2009</year>
<booktitle>ECSQARU</booktitle>
<crossref>conf/ecsqaru/2009</crossref>
<url>db/conf/ecsqaru/ecsqaru2009.html#Bouchon-MeunierCLR09</url>
</inproceedings>
</r>
<r><inproceedings key="conf/ectel/TranMBP09" mdate="2017-05-24">
<author>Tri Duc Tran</author>
<author>Christophe Marsala</author>
<author>Bernadette Bouchon-Meunier</author>
<author>Georges-Marie Putois</author>
<title>A Model to Manage Learner's Motivation: A Use-Case for an Academic Schooling Intelligent Assistant.</title>
<pages>633-638</pages>
<year>2009</year>
<booktitle>EC-TEL</booktitle>
<crossref>conf/ectel/2009</crossref>
<url>db/conf/ectel/ectel2009.html#TranMBP09</url>
</inproceedings>
</r>
<r><inproceedings key="conf/eusflat/Bouchon-MeunierMR09" mdate="2013-04-18">
<author>Bernadette Bouchon-Meunier</author>
<author>Christophe Marsala</author>
<author>Maria Rifqi</author>
<title>Fuzzy Analogical Model of Adaptation for Case-Based Reasoning.</title>
<pages>1625-1630</pages>
<year>2009</year>
<booktitle>IFSA/EUSFLAT Conf.</booktitle>
<crossref>conf/eusflat/2009</crossref>
<url>db/conf/eusflat/eusflat2009.html#Bouchon-MeunierMR09</url>
</inproceedings>
</r>
<r><inproceedings key="conf/fqas/ChanguelLB09" mdate="2017-09-16">
<author>Sahar Changuel</author>
<author orcid="0000-0002-2794-2124">Nicolas Labroche</author>
<author>Bernadette Bouchon-Meunier</author>
<title>Automatic Web Pages Author Extraction.</title>
<pages>300-311</pages>
<year>2009</year>
<booktitle>FQAS</booktitle>
<crossref>conf/fqas/2009</crossref>
<url>db/conf/fqas/fqas2009.html#ChanguelLB09</url>
</inproceedings>
</r>
<r><inproceedings key="conf/fuzzIEEE/Bouchon-Meunier09" mdate="2017-05-21">
<author>Bernadette Bouchon-Meunier</author>
<title>Interpretable decisions by means of similarities and modifiers.</title>
<pages>524-529</pages>
<year>2009</year>
<booktitle>FUZZ-IEEE</booktitle>
<crossref>conf/fuzzIEEE/2009</crossref>
<url>db/conf/fuzzIEEE/fuzzIEEE2009.html#Bouchon-Meunier09</url>
</inproceedings>
</r>
<r><inproceedings key="conf/interspeech/LarochePBB09" mdate="2011-03-03">
<author>Romain Laroche</author>
<author>Ghislain Putois</author>
<author>Philippe Bretier</author>
<author>Bernadette Bouchon-Meunier</author>
<title>Hybridisation of expertise and reinforcement learning in dialogue systems.</title>
<pages>2479-2482</pages>
<year>2009</year>
<booktitle>INTERSPEECH</booktitle>
<crossref>conf/interspeech/2009</crossref>
<url>db/conf/interspeech/interspeech2009.html#LarochePBB09</url>
</inproceedings>
</r>
<r><inproceedings key="conf/mldm/ChanguelLB09" mdate="2017-09-16">
<author>Sahar Changuel</author>
<author orcid="0000-0002-2794-2124">Nicolas Labroche</author>
<author>Bernadette Bouchon-Meunier</author>
<title>A General Learning Method for Automatic Title Extraction from HTML Pages.</title>
<pages>704-718</pages>
<year>2009</year>
<booktitle>MLDM</booktitle>
<crossref>conf/mldm/2009</crossref>
<url>db/conf/mldm/mldm2009.html#ChanguelLB09</url>
</inproceedings>
</r>
<r><inproceedings key="conf/rivf/VuLB09" mdate="2017-09-16">
<author>Viet-Vu Vu</author>
<author orcid="0000-0002-2794-2124">Nicolas Labroche</author>
<author>Bernadette Bouchon-Meunier</author>
<title>Leader Ant Clustering with Constraints.</title>
<pages>1-8</pages>
<year>2009</year>
<booktitle>RIVF</booktitle>
<crossref>conf/rivf/2009</crossref>
<url>db/conf/rivf/rivf2009.html#VuLB09</url>
</inproceedings>
</r>
<r><article key="journals/ijufks/DiazSRB08" mdate="2017-05-28">
<author>Javier Diaz</author>
<author>Sandra A. Sandri</author>
<author>Maria Rifqi</author>
<author>Bernadette Bouchon-Meunier</author>
<title>Hypotheses Management for Disorder Diagnosis in a Hierarchical Framework.</title>
<pages>87-104</pages>
<year>2008</year>
<volume>16</volume>
<journal>International Journal of Uncertainty, Fuzziness and Knowledge-Based Systems</journal>
<number>Supplement-2</number>
<url>db/journals/ijufks/ijufks16.html#DiazSRB08</url>
</article>
</r>
<r><article key="journals/mcs/KissiRBZ08" mdate="2017-05-20">
<author>Mohamed Kissi</author>
<author>Mohammed Ramdani</author>
<author>Bernadette Bouchon-Meunier</author>
<author>Driss Zakarya</author>
<title>Pattern recognition system based on empirical knowledge: Sandalwood and camphoraceous odours application.</title>
<pages>453-463</pages>
<year>2008</year>
<volume>77</volume>
<journal>Mathematics and Computers in Simulation</journal>
<number>5-6</number>
<url>db/journals/mcs/mcs77.html#KissiRBZ08</url>
</article>
</r>
<r><inproceedings key="conf/dlog/CouchariereLB08" mdate="2019-05-28">
<author>Olivier Couchariere</author>
<author>Marie-Jeanne Lesot</author>
<author>Bernadette Bouchon-Meunier</author>
<title>Consistency Checking for Extended Description Logics.</title>
<year>2008</year>
<booktitle>Description Logics</booktitle>
<ee type="oa">http://ceur-ws.org/Vol-353/CouchariereLesotBouchon-meunier.pdf</ee>
<crossref>conf/dlog/2008</crossref>
<url>db/conf/dlog/dlog2008.html#CouchariereLB08</url>
</inproceedings>
</r>
<r><inproceedings key="conf/ectel/DiazRBJD08" mdate="2017-05-24">
<author>Javier Diaz</author>
<author>Maria Rifqi</author>
<author>Bernadette Bouchon-Meunier</author>
<author>Sandra Jhean-Larose</author>
<author>Guy Denhière</author>
<title>Imperfect Answers in Multiple Choice Questionnaires.</title>
<pages>144-154</pages>
<year>2008</year>
<booktitle>EC-TEL</booktitle>
<crossref>conf/ectel/2008</crossref>
<url>db/conf/ectel/ectel2008.html#DiazRBJD08</url>
</inproceedings>
</r>
<r><inproceedings key="conf/wcci/Bouchon-MeunierRL08" mdate="2017-05-25">
<author>Bernadette Bouchon-Meunier</author>
<author>Maria Rifqi</author>
<author>Marie-Jeanne Lesot</author>
<title>Similarities in Fuzzy Data Mining: From a Cognitive View to Real-World Applications.</title>
<pages>349-367</pages>
<year>2008</year>
<booktitle>WCCI</booktitle>
<crossref>conf/wcci/2008</crossref>
<url>db/conf/wcci/wcci2008.html#Bouchon-MeunierRL08</url>
</inproceedings>
</r>
<r><inproceedings key="conf/wstst/Bouchon-Meunier08" mdate="2018-11-06">
<author>Bernadette Bouchon-Meunier</author>
<title>Fuzzy logic to cope with complex problems: some examples of real-world applications.</title>
<pages>404-405</pages>
<year>2008</year>
<booktitle>CSTST</booktitle>
<crossref>conf/wstst/2008</crossref>
<url>db/conf/wstst/cstst2008.html#Bouchon-Meunier08</url>
</inproceedings>
</r>
<r><incollection key="series/sfsc/LesotRB08" mdate="2017-05-16">
<author>Marie-Jeanne Lesot</author>
<author>Maria Rifqi</author>
<author>Bernadette Bouchon-Meunier</author>
<title>Fuzzy Prototypes: From a Cognitive View to a Machine Learning Principle.</title>
<pages>431-452</pages>
<year>2008</year>
<booktitle>Fuzzy Sets and Their Extensions: Representation, Aggregation and Models</booktitle>
<crossref>series/sfsc/2008-220</crossref>
<url>db/series/sfsc/sfsc220.html#LesotRB08</url>
</incollection>
</r>
<r><article key="journals/eor/FonoGB07" mdate="2019-06-02">
<author>Louis Aimé Fono</author>
<author orcid="0000-0001-5168-7357">Henri Gwét</author>
<author>Bernadette Bouchon-Meunier</author>
<title>Fuzzy implication operators for difference operations for fuzzy sets and cardinality-based measures of comparison.</title>
<pages>314-326</pages>
<year>2007</year>
<volume>183</volume>
<journal>European Journal of Operational Research</journal>
<number>1</number>
<url>db/journals/eor/eor183.html#FonoGB07</url>
</article>
</r>
<r><article key="journals/ijufks/DelavalladeMBC07" mdate="2017-05-28">
<author>Thomas Delavallade</author>
<author>Laure Mouillet</author>
<author>Bernadette Bouchon-Meunier</author>
<author>Emmanuel Collain</author>
<title>Monitoring Event Flows and Modelling Scenarios for Crisis Prediction: Application to Ethnic Conflicts Forecasting.</title>
<pages>83-110</pages>
<year>2007</year>
<volume>15</volume>
<journal>International Journal of Uncertainty, Fuzziness and Knowledge-Based Systems</journal>
<number>Supplement-1</number>
<url>db/journals/ijufks/ijufks15.html#DelavalladeMBC07</url>
</article>
</r>
<r><inproceedings key="conf/foci/dAllonnesAB07" mdate="2019-10-19">
<author orcid="0000-0003-2888-1770">Adrien Revault d'Allonnes</author>
<author>Herman Akdag</author>
<author>Bernadette Bouchon-Meunier</author>
<title>Selecting Implications in Fuzzy Abductive Problems.</title>
<pages>597-602</pages>
<year>2007</year>
<crossref>conf/foci/2007</crossref>
<booktitle>FOCI</booktitle>
<url>db/conf/foci/foci2007.html#dAllonnesAB07</url>
</inproceedings>
</r>
<r><inproceedings key="conf/fuzzIEEE/SandriDRB07" mdate="2017-05-21">
<author>Sandra A. Sandri</author>
<author>Javier Diaz</author>
<author>Maria Rifqi</author>
<author>Bernadette Bouchon-Meunier</author>
<title>Fuzzy Hypothesis Management for Disorder Diagnosis.</title>
<pages>1-6</pages>
<year>2007</year>
<booktitle>FUZZ-IEEE</booktitle>
<crossref>conf/fuzzIEEE/2007</crossref>
<url>db/conf/fuzzIEEE/fuzzIEEE2007.html#SandriDRB07</url>
</inproceedings>
</r>
<r><inproceedings key="conf/fqas/DangMBB06" mdate="2017-05-21">
<author>Thanh Ha Dang</author>
<author>Christophe Marsala</author>
<author>Bernadette Bouchon-Meunier</author>
<author>Alain Boucher</author>
<title>Discrimination-Based Criteria for the Evaluation of Classifiers.</title>
<pages>552-563</pages>
<year>2006</year>
<crossref>conf/fqas/2006</crossref>
<booktitle>FQAS</booktitle>
<url>db/conf/fqas/fqas2006.html#DangMBB06</url>
</inproceedings>
</r>
<r><inproceedings key="conf/fusion/DiazRB06" mdate="2017-05-24">
<author>Javier Diaz</author>
<author>Maria Rifqi</author>
<author>Bernadette Bouchon-Meunier</author>
<title>A Similarity Measure between Basic Belief Assignments.</title>
<pages>1-6</pages>
<year>2006</year>
<booktitle>FUSION</booktitle>
<crossref>conf/fusion/2006</crossref>
<url>db/conf/fusion/fusion2006.html#DiazRB06</url>
</inproceedings>
</r>
<r><inproceedings key="conf/fuzzIEEE/ForestRB06" mdate="2017-05-21">
<author>Jason Forest</author>
<author>Maria Rifqi</author>
<author>Bernadette Bouchon-Meunier</author>
<title>Class Segmentation to Improve Fuzzy Prototype Construction: Visualization and Characterization of Non Homogeneous Classes.</title>
<pages>555-559</pages>
<year>2006</year>
<booktitle>FUZZ-IEEE</booktitle>
<crossref>conf/fuzzIEEE/2006</crossref>
<url>db/conf/fuzzIEEE/fuzzIEEE2006.html#ForestRB06</url>
</inproceedings>
</r>
<r><inproceedings key="conf/fuzzIEEE/MarsalaB06" mdate="2017-05-21">
<author>Christophe Marsala</author>
<author>Bernadette Bouchon-Meunier</author>
<title>Ranking Attributes to Build Fuzzy Decision Trees: a Comparative Study of Measures.</title>
<pages>1777-1783</pages>
<year>2006</year>
<booktitle>FUZZ-IEEE</booktitle>
<crossref>conf/fuzzIEEE/2006</crossref>
<url>db/conf/fuzzIEEE/fuzzIEEE2006.html#MarsalaB06</url>
</inproceedings>
</r>
<r><inproceedings key="conf/eusflat/Bouchon-Meunier05" mdate="2013-04-18">
<author>Bernadette Bouchon-Meunier</author>
<title>Some Applications of Fuzzy Logic in Data Mining and Information Retrieval.</title>
<pages>9-9</pages>
<year>2005</year>
<booktitle>EUSFLAT Conf.</booktitle>
<crossref>conf/eusflat/2005</crossref>
<url>db/conf/eusflat/eusflat2005.html#Bouchon-Meunier05</url>
</inproceedings>
</r>
<r><inproceedings key="conf/eusflat/Bouchon-MeunierEGRS05" mdate="2015-11-20">
<author>Bernadette Bouchon-Meunier</author>
<author>Francesc Esteva</author>
<author>Lluis Godo</author>
<author>Maria Rifqi</author>
<author>Sandra A. Sandri</author>
<title>A principled approach to fuzzy rule base interpolation using similarity relations.</title>
<pages>757-763</pages>
<year>2005</year>
<booktitle>EUSFLAT Conf.</booktitle>
<crossref>conf/eusflat/2005</crossref>
<url>db/conf/eusflat/eusflat2005.html#Bouchon-MeunierEGRS05</url>
</inproceedings>
</r>
<r><inproceedings key="conf/f-egc/MouilletBC05" mdate="2014-04-27">
<author>Laure Mouillet</author>
<author>Bernadette Bouchon-Meunier</author>
<author>Emmanuel Collain</author>
<title>Extraction de motifs temporels pour la détection dynamique de conflits ethno-politiques.</title>
<pages>229-234</pages>
<year>2005</year>
<booktitle>EGC (Ateliers)</booktitle>
<crossref>conf/f-egc/2005w</crossref>
<url>db/conf/f-egc/egc2005w.html#MouilletBC05</url>
</inproceedings>
</r>
<r><article key="journals/ijgs/Bouchon-Meunier04" mdate="2017-05-20">
<author>Bernadette Bouchon-Meunier</author>
<author>Radko Mesiar</author>
<author>Dan A. Ralescu</author>
<title>Linear non-additive set-functions.</title>
<pages>89-98</pages>
<year>2004</year>
<volume>33</volume>
<journal>Int. J. General Systems</journal>
<number>1</number>
<url>db/journals/ijgs/ijgs33.html#Bouchon-Meunier04</url>
</article>
</r>
<r><inproceedings key="conf/fqas/LesotB04" mdate="2017-05-21">
<author>Marie-Jeanne Lesot</author>
<author>Bernadette Bouchon-Meunier</author>
<title>Cluster Characterization through a Representativity Measure.</title>
<pages>446-458</pages>
<year>2004</year>
<crossref>conf/fqas/2004</crossref>
<booktitle>FQAS</booktitle>
<url>db/conf/fqas/fqas2004.html#LesotB04</url>
</inproceedings>
</r>
<r><inproceedings key="conf/fuzzIEEE/LesotB04" mdate="2017-05-21">
<author>Marie-Jeanne Lesot</author>
<author>Bernadette Bouchon-Meunier</author>
<title>Descriptive concept extraction with exceptions by hybrid clustering.</title>
<pages>389-394</pages>
<year>2004</year>
<booktitle>FUZZ-IEEE</booktitle>
<crossref>conf/fuzzIEEE/2004</crossref>
<url>db/conf/fuzzIEEE/fuzzIEEE2004.html#LesotB04</url>
</inproceedings>
</r>
<r><inproceedings key="conf/fuzzIEEE/OmhoverDRB04" mdate="2017-05-21">
<author>Jean-François Omhover</author>
<author>Marcin Detyniecki</author>
<author>Maria Rifqi</author>
<author>Bernadette Bouchon-Meunier</author>
<title>Ranking invariance between fuzzy similarity measures applied to image retrieval.</title>
<pages>1367-1372</pages>
<year>2004</year>
<booktitle>FUZZ-IEEE</booktitle>
<crossref>conf/fuzzIEEE/2004</crossref>
<url>db/conf/fuzzIEEE/fuzzIEEE2004.html#OmhoverDRB04</url>
</inproceedings>
</r>
<r><inproceedings key="conf/fuzzy/HugueneyBH04" mdate="2017-05-19">
<author>Bernard Hugueney</author>
<author>Bernadette Bouchon-Meunier</author>
<author>Georges Hébrail</author>
<title>Fuzzy Long Term Forecasting through Machine Learning and Symbolic Representations of Time Series.</title>
<pages>109-123</pages>
<year>2004</year>
<booktitle>Fuzzy Days</booktitle>
<crossref>conf/fuzzy/2004</crossref>
<url>db/conf/fuzzy/fuzzy2004.html#HugueneyBH04</url>
</inproceedings>
</r>
<r><inproceedings key="conf/fuzzy/LesotMB04" mdate="2017-05-19">
<author>Marie-Jeanne Lesot</author>
<author>Laure Mouillet</author>
<author>Bernadette Bouchon-Meunier</author>
<title>Fuzzy Prototypes Based on Typicality Degrees.</title>
<pages>125-138</pages>
<year>2004</year>
<booktitle>Fuzzy Days</booktitle>
<crossref>conf/fuzzy/2004</crossref>
<url>db/conf/fuzzy/fuzzy2004.html#LesotMB04</url>
</inproceedings>
</r>
<r><inproceedings key="conf/iasse/Bouchon-MeunierDM04" mdate="2004-07-21">
<author>Bernadette Bouchon-Meunier</author>
<author>Thanh Ha Dang</author>
<author>Christophe Marsala</author>
<title>Comparison of Techniques for the Construction of Decision Trees.</title>
<pages>58-62</pages>
<year>2004</year>
<crossref>conf/iasse/2004</crossref>
<booktitle>IASSE</booktitle>
<url>db/conf/iasse/iasse2004.html#Bouchon-MeunierDM04</url>
</inproceedings>
</r>
<r><article key="journals/fss/MellouliB03" mdate="2017-05-28">
<author>Nedra Mellouli</author>
<author>Bernadette Bouchon-Meunier</author>
<title>Abductive reasoning and measures of similitude in the presence of fuzzy rules.</title>
<pages>177-188</pages>
<year>2003</year>
<volume>137</volume>
<journal>Fuzzy Sets and Systems</journal>
<number>1</number>
<url>db/journals/fss/fss137.html#MellouliB03</url>
</article>
</r>
<r><article key="journals/fss/Bouchon-MeunierMMR03" mdate="2017-05-28">
<author>Bernadette Bouchon-Meunier</author>
<author>Radko Mesiar</author>
<author>Christophe Marsala</author>
<author>Maria Rifqi</author>
<title>Compositional rule of inference as an analogical scheme.</title>
<pages>53-65</pages>
<year>2003</year>
<volume>138</volume>
<journal>Fuzzy Sets and Systems</journal>
<number>1</number>
<url>db/journals/fss/fss138.html#Bouchon-MeunierMMR03</url>
</article>
</r>
<r><article key="journals/soco/NguyenB03" mdate="2017-05-20">
<author>Hung T. Nguyen 0002</author>
<author>Bernadette Bouchon-Meunier</author>
<title>Random sets and large deviations principle as a foundation for possibility measures.</title>
<pages>61-70</pages>
<year>2003</year>
<volume>8</volume>
<journal>Soft Comput.</journal>
<number>1</number>
<url>db/journals/soco/soco8.html#NguyenB03</url>
</article>
</r>
<r><inproceedings key="conf/fuzzIEEE/MarsalaB03" mdate="2017-05-21">
<author>Christophe Marsala</author>
<author>Bernadette Bouchon-Meunier</author>
<title>Choice of a method for the construction of fuzzy decision trees.</title>
<pages>584-589</pages>
<year>2003</year>
<booktitle>FUZZ-IEEE</booktitle>
<crossref>conf/fuzzIEEE/2003</crossref>
<url>db/conf/fuzzIEEE/fuzzIEEE2003.html#MarsalaB03</url>
</inproceedings>
</r>
<r><inproceedings key="conf/ht/DelortBR03" mdate="2018-11-06">
<author>Jean-Yves Delort</author>
<author>Bernadette Bouchon-Meunier</author>
<author>Maria Rifqi</author>
<title>Enhanced web document summarization using hyperlinks.</title>
<pages>208-215</pages>
<year>2003</year>
<crossref>conf/ht/2003</crossref>
<booktitle>Hypertext</booktitle>
<url>db/conf/ht/ht2003.html#DelortBR03</url>
</inproceedings>
</r>
<r><inproceedings key="conf/iasse/Bouchon-Meunier03" mdate="2006-09-19">
<author>Bernadette Bouchon-Meunier</author>
<title>Fuzzy Analogy.</title>
<pages>97-100</pages>
<year>2003</year>
<crossref>conf/iasse/2003</crossref>
<booktitle>IASSE</booktitle>
<url>db/conf/iasse/iasse2003.html#Bouchon-Meunier03</url>
</inproceedings>
</r>
<r><inproceedings key="conf/www/DelortBR03" mdate="2013-07-17">
<author>Jean-Yves Delort</author>
<author>Bernadette Bouchon-Meunier</author>
<author>Maria Rifqi</author>
<title>Web Document Summarization by Context.</title>
<year>2003</year>
<crossref>conf/www/2003p</crossref>
<booktitle>WWW (Posters)</booktitle>
<url>db/conf/www/www2003p.html#DelortBR03</url>
</inproceedings>
</r>
<r><incollection key="conf/mww/LaurentMB03" mdate="2017-05-23">
<author>Anne Laurent</author>
<author>Christophe Marsala</author>
<author>Bernadette Bouchon-Meunier</author>
<title>Improvement of the Interpretability of Fuzzy Rule Based Systems: Quantifiers, Similarities and Aggregators.</title>
<pages>102-123</pages>
<year>2003</year>
<crossref>conf/mww/2003</crossref>
<booktitle>Modelling with Words</booktitle>
<url>db/conf/mww/mww2003.html#LaurentMB03</url>
</incollection>
</r>
<r><article key="journals/amai/Bouchon-MeunierCM02" mdate="2017-06-05">
<author>Bernadette Bouchon-Meunier</author>
<author orcid="0000-0002-0152-1735">Giulianella Coletti</author>
<author>Christophe Marsala</author>
<title>Independence and Possibilistic Conditioning.</title>
<pages>107-123</pages>
<year>2002</year>
<volume>35</volume>
<journal>Ann. Math. Artif. Intell.</journal>
<number>1-4</number>
<url>db/journals/amai/amai35.html#Bouchon-MeunierCM02</url>
</article>
</r>
<r><article key="journals/ijgs/DetynieckiYB02" mdate="2017-05-20">
<author>Marcin Detyniecki</author>
<author>Ronald R. Yager</author>
<author>Bernadette Bouchon-Meunier</author>
<title>Reducing t-norms and augmenting t-conorms.</title>
<pages>265-276</pages>
<year>2002</year>
<volume>31</volume>
<journal>Int. J. General Systems</journal>
<number>3</number>
<url>db/journals/ijgs/ijgs31.html#DetynieckiYB02</url>
</article>
</r>
<r><inproceedings key="conf/f-egc/LaurentB02" mdate="2006-10-05">
<author>Anne Laurent</author>
<author>Bernadette Bouchon-Meunier</author>
<title>Détection de cellules anormalement vides dans les bases de données multidimensionnelles.</title>
<pages>119-130</pages>
<year>2002</year>
<crossref>conf/f-egc/2002</crossref>
<booktitle>EGC</booktitle>
<url>db/conf/f-egc/egc2002.html#LaurentB02</url>
</inproceedings>
</r>
<r><article key="journals/isci/YagerDB01" mdate="2017-05-27">
<author>Ronald R. Yager</author>
<author>Marcin Detyniecki</author>
<author>Bernadette Bouchon-Meunier</author>
<title>A context-dependent method for ordering fuzzy numbers using probabilities.</title>
<pages>237-255</pages>
<year>2001</year>
<volume>138</volume>
<journal>Inf. Sci.</journal>
<number>1-4</number>
<url>db/journals/isci/isci138.html#YagerDB01</url>
</article>
</r>
<r><inproceedings key="conf/fuzzIEEE/Bouchon-MeunierNK01" mdate="2017-05-21">
<author>Bernadette Bouchon-Meunier</author>
<author>Hung T. Nguyen 0002</author>
<author>Vladik Kreinovich</author>
<title>"Discrete (Set) Derivatives and" "Algebraic" " Fuzzy Logic Operations".</title>
<pages>420-423</pages>
<year>2001</year>
<crossref>conf/fuzzIEEE/2001</crossref>
<booktitle>FUZZ-IEEE</booktitle>
<url>db/conf/fuzzIEEE/fuzzIEEE2001.html#Bouchon-MeunierNK01</url>
</inproceedings>
</r>
<r><inproceedings key="conf/fuzzy/HugueneyB01" mdate="2017-05-19">
<author>Bernard Hugueney</author>
<author>Bernadette Bouchon-Meunier</author>
<title>Time-Series Segmentation and Symbolic Representation, from Process-Monitoring to Data-Mining.</title>
<pages>118-123</pages>
<year>2001</year>
<crossref>conf/fuzzy/2001</crossref>
<booktitle>Fuzzy Days</booktitle>
<url>db/conf/fuzzy/fuzzy2001.html#HugueneyB01</url>
</inproceedings>
</r>
<r><article key="journals/fss/RifqiBB00" mdate="2017-05-28">
<author>Maria Rifqi</author>
<author>V. Berger</author>
<author>Bernadette Bouchon-Meunier</author>
<title>Discrimination power of measures of comparison.</title>
<pages>189-196</pages>
<year>2000</year>
<volume>110</volume>
<journal>Fuzzy Sets and Systems</journal>
<number>2</number>
<url>db/journals/fss/fss110.html#RifqiBB00</url>
</article>
</r>
<r><inproceedings key="conf/fqas/MarsalaB00" mdate="2017-05-21">
<author>Christophe Marsala</author>
<author>Bernadette Bouchon-Meunier</author>
<title>Construction of Fuzzy Classes by Fuzzy Partitioning.</title>
<pages>497-506</pages>
<year>2000</year>
<crossref>conf/fqas/2000</crossref>
<booktitle>FQAS</booktitle>
<url>db/conf/fqas/fqas2000.html#MarsalaB00</url>
</inproceedings>
</r>
<r><article publtype="informal" key="journals/corr/cs-AI-0003029" mdate="2018-08-13">
<author>Nedra Mellouli</author>
<author>Bernadette Bouchon-Meunier</author>
<title>Fuzzy Approaches to Abductive Inference</title>
<ee type="oa">http://arxiv.org/abs/cs.AI/0003029</ee>
<year>2000</year>
<journal>CoRR</journal>
<volume>cs.AI/0003029</volume>
<url>db/journals/corr/corr0003.html#cs-AI-0003029</url>
</article>
</r>
<r><article key="journals/ijis/GehrkeKB99" mdate="2017-05-27">
<author>Mai Gehrke</author>
<author>Vladik Kreinovich</author>
<author>Bernadette Bouchon-Meunier</author>
<title>Propositional fuzzy logics: Decidable for some (algebraic) operators; undecidable for more complicated ones.</title>
<pages>935-947</pages>
<year>1999</year>
<volume>14</volume>
<journal>Int. J. Intell. Syst.</journal>
<number>9</number>
<url>db/journals/ijis/ijis14.html#GehrkeKB99</url>
</article>
</r>
<r><article key="journals/isci/Bouchon-MeunierK99" mdate="2017-05-27">
<author>Bernadette Bouchon-Meunier</author>
<author>Vladik Kreinovich</author>
<title>Fuzzy Modus Ponens as a Calculus of Logical Modifiers: Towards Zadeh's Vision of Implication Calculus.</title>
<pages>219-227</pages>
<year>1999</year>
<volume>116</volume>
<journal>Inf. Sci.</journal>
<number>2-4</number>
<url>db/journals/isci/isci116.html#Bouchon-MeunierK99</url>
</article>
</r>
<r><article key="journals/soco/Bouchon-MeunierV99" mdate="2017-05-20">
<author>Bernadette Bouchon-Meunier</author>
<author>Llorenç Valverde</author>
<title>A fuzzy approach to analogical reasoning.</title>
<pages>141-147</pages>
<year>1999</year>
<volume>3</volume>
<journal>Soft Comput.</journal>
<number>3</number>
<url>db/journals/soco/soco3.html#Bouchon-MeunierV99</url>
</article>
</r>
<r><inproceedings key="conf/eusflat/MellouliB99" mdate="2013-04-18">
<author>Nedra Mellouli</author>
<author>Bernadette Bouchon-Meunier</author>
<title>Linguistic approach for interpolative reasoning.</title>
<pages>127-130</pages>
<year>1999</year>
<booktitle>EUSFLAT-ESTYLF Joint Conf.</booktitle>
<crossref>conf/eusflat/1999</crossref>
<url>db/conf/eusflat/eusflat1999.html#MellouliB99</url>
</inproceedings>
</r>
<r><inproceedings key="conf/eusflat/Bouchon-MeunierDMMR99" mdate="2013-04-18">
<author>Bernadette Bouchon-Meunier</author>
<author>J. Delechamp</author>
<author>Christophe Marsala</author>
<author>Radko Mesiar</author>
<author>Maria Rifqi</author>
<title>Fuzzy deductive reasoning and analogical scheme.</title>
<pages>139-142</pages>
<year>1999</year>
<booktitle>EUSFLAT-ESTYLF Joint Conf.</booktitle>
<crossref>conf/eusflat/1999</crossref>
<url>db/conf/eusflat/eusflat1999.html#Bouchon-MeunierDMMR99</url>
</inproceedings>
</r>
<r><article key="journals/cca/Bouchon-Meunier98" mdate="2018-11-06">
<author>Bernadette Bouchon-Meunier</author>
<author>Vladik Kreinovich</author>
<title>From interval computations to modal mathematics: applications and computational complexity.</title>
<pages>7-11</pages>
<year>1998</year>
<volume>32</volume>
<journal>ACM SIGSAM Bulletin</journal>
<number>2</number>
<url>db/journals/cca/cca32.html#Bouchon-Meunier98</url>
</article>
</r>
<r><article key="journals/ijis/YingB98" mdate="2017-05-27">
<author>Mingsheng Ying</author>
<author>Bernadette Bouchon-Meunier</author>
<title>Approximate reasoning with linguistic modifiers.</title>
<pages>403-418</pages>
<year>1998</year>
<volume>13</volume>
<journal>Int. J. Intell. Syst.</journal>
<number>5</number>
<url>db/journals/ijis/ijis13.html#YingB98</url>
</article>
</r>
<r><article key="journals/ijis/CloteauxEBK98" mdate="2017-05-27">
<author>Brian Cloteaux</author>
<author>Christoph F. Eick</author>
<author>Bernadette Bouchon-Meunier</author>
<author>Vladik Kreinovich</author>
<title>From ordered beliefs to numbers: How to elicit numbers without asking for them (doable but computationally difficult).</title>
<pages>801-820</pages>
<year>1998</year>
<volume>13</volume>
<journal>Int. J. Intell. Syst.</journal>
<number>9</number>
<url>db/journals/ijis/ijis13.html#CloteauxEBK98</url>
</article>
</r>
<r><article key="journals/ijprai/GascuelBCGGGLMMNNRSTVV98" mdate="2017-05-28">
<author>Olivier Gascuel</author>
<author>Bernadette Bouchon-Meunier</author>
<author>Gilles Caraux</author>
<author>Patrick Gallinari</author>
<author>Alain Guénoche</author>
<author>Yann Guermeur</author>
<author>Yves Lechevallier</author>
<author>Christophe Marsala</author>
<author>Laurent Miclet</author>
<author>Jacques Nicolas</author>
<author>Richard Nock</author>
<author>Mohammed Ramdani</author>
<author>Michèle Sebag</author>
<author>Basavanneppa Tallur</author>
<author>Gilles Venturini</author>
<author>Patrick Vitte</author>
<title>Twelve Numerical, Symbolic and Hybrid Supervised Classification Methods.</title>
<pages>517-571</pages>
<year>1998</year>
<volume>12</volume>
<journal>IJPRAI</journal>
<number>4</number>
<url>db/journals/ijprai/ijprai12.html#GascuelBCGGGLMMNNRSTVV98</url>
</article>
</r>
<r><article key="journals/fss/Bouchon-Meunier97" mdate="2017-05-28">
<author>Bernadette Bouchon-Meunier</author>
<author>Olga Kosheleva</author>
<author>Vladik Kreinovich</author>
<author>Hung T. Nguyen 0002</author>
<title>Fuzzy numbers are the only fuzzy sets that keep invertible operations invertible.</title>
<pages>155-163</pages>
<year>1997</year>
<volume>91</volume>
<journal>Fuzzy Sets and Systems</journal>
<number>2</number>
<url>db/journals/fss/fss91.html#Bouchon-Meunier97</url>
</article>
</r>
<r><article key="journals/ijis/KreinovichB97" mdate="2017-05-27">
<author>Vladik Kreinovich</author>
<author>Bernadette Bouchon-Meunier</author>
<title>Granularity via nondeterministic computations: What we gain and what we lose.</title>
<pages>469-481</pages>
<year>1997</year>
<volume>12</volume>
<journal>Int. J. Intell. Syst.</journal>
<number>6</number>
<url>db/journals/ijis/ijis12.html#KreinovichB97</url>
</article>
</r>
<r><article key="journals/ijis/BothorelBM97" mdate="2017-05-27">
<author>Sylvie Bothorel</author>
<author>Bernadette Bouchon-Meunier</author>
<author>Serge Muller</author>
<title>A fuzzy logic based approach for semiological analysis of microcalcifications in mammographic images.</title>
<pages>819-848</pages>
<year>1997</year>
<volume>12</volume>
<journal>Int. J. Intell. Syst.</journal>
<number>11-12</number>
<url>db/journals/ijis/ijis12.html#BothorelBM97</url>
</article>
</r>
<r><article key="journals/jancl/YingB97" mdate="2017-06-06">
<author orcid="0000-0003-4847-702X">Mingsheng Ying</author>
<author>Bernadette Bouchon-Meunier</author>
<title>Quantifiers, modifiers and qualifiers in fuzzy logic.</title>
<year>1997</year>
<volume>7</volume>
<journal>Journal of Applied Non-Classical Logics</journal>
<number>3</number>
<url>db/journals/jancl/jancl7.html#YingB97</url>
<pages>335-342</pages>
</article>
</r>
<r><inproceedings key="conf/ecsqaru/DelechampB97" mdate="2017-05-21">
<author>J. Delechamp</author>
<author>Bernadette Bouchon-Meunier</author>
<title>Graduality by Means of Analogical Reasoning.</title>
<pages>210-222</pages>
<year>1997</year>
<crossref>conf/ecsqaru/1997</crossref>
<booktitle>ECSQARU-FAPR</booktitle>
<url>db/conf/ecsqaru/ecsqaru1997.html#DelechampB97</url>
</inproceedings>
</r>
<r><inproceedings key="conf/ijcai/ZerroukiBF97" mdate="2017-05-23">
<author>Leïla Zerrouki</author>
<author>Bernadette Bouchon-Meunier</author>
<author>Rémy Fondacci</author>
<title>A Fuzzy-Neural Model for Co-ordination in Air Traffic Flow Management.</title>
<pages>190-204</pages>
<year>1997</year>
<crossref>conf/ijcai/1997fl</crossref>
<booktitle>Fuzzy Logic in Artificial Intelligence (IJCAI Workshop)</booktitle>
<url>db/conf/ijcai/ijcai97fl.html#ZerroukiBF97</url>
</inproceedings>
</r>
<r><article key="journals/fss/Bouchon-Meunier96a" mdate="2017-09-21">
<author>Bernadette Bouchon-Meunier</author>
<author>Vladik Kreinovich</author>
<author>Anatole Lokshin</author>
<author>Hung T. Nguyen 0002</author>
<title>On the formulation of optimization under elastic constraints (with control in mind).</title>
<pages>5-29</pages>
<year>1996</year>
<volume>81</volume>
<journal>Fuzzy Sets and Systems</journal>
<number>1</number>
<url>db/journals/fss/fss81.html#Bouchon-Meunier96a</url>
</article>
</r>
<r><article key="journals/fss/Bouchon-Meunier96" mdate="2017-05-28">
<author>Bernadette Bouchon-Meunier</author>
<author>Maria Rifqi</author>
<author>Sylvie Bothorel</author>
<title>Towards general measures of comparison of objects.</title>
<pages>143-153</pages>
<year>1996</year>
<volume>84</volume>
<journal>Fuzzy Sets and Systems</journal>
<number>2</number>
<url>db/journals/fss/fss84.html#Bouchon-Meunier96</url>
</article>
</r>
<r><inproceedings key="conf/ijcai/Bouchon-MeunierV95" mdate="2019-10-19">
<author>Bernadette Bouchon-Meunier</author>
<author orcid="0000-0002-9163-568X">Llorenç Valverde</author>
<title>A Resemblance Approach to Analogical Reasoning Functions.</title>
<pages>266-272</pages>
<year>1995</year>
<crossref>conf/ijcai/1995fl</crossref>
<booktitle>Fuzzy Logic in Artificial Intelligence</booktitle>
<url>db/conf/ijcai/ijcai1995fl.html#Bouchon-MeunierV95</url>
</inproceedings>
</r>
<r><proceedings key="conf/ipmu/1994" mdate="2019-05-14">
<editor>Bernadette Bouchon-Meunier</editor>
<editor>Ronald R. Yager</editor>
<editor>Lotfi A. Zadeh</editor>
<title>Advances in Intelligent Computing - IPMU'94, 5th International Conference on Processing and Management of Uncertainty in Knowledge-Based Systems, Paris, France, July 4-8, 1994, Selected Papers</title>
<booktitle>IPMU</booktitle>
<series href="db/series/lncs/index.html">Lecture Notes in Computer Science</series>
<volume>945</volume>
<publisher>Springer</publisher>
<year>1995</year>
<isbn>3-540-60116-3</isbn>
<url>db/conf/ipmu/ipmu1994.html</url>
</proceedings>
</r>
<r><article key="journals/ijis/BoscB94" mdate="2017-05-27">
<author>Patrick Bosc</author>
<author>Bernadette Bouchon-Meunier</author>
<title>Introduction: Databases and fuzziness.</title>
<pages>419</pages>
<year>1994</year>
<volume>9</volume>
<journal>Int. J. Intell. Syst.</journal>
<number>5</number>
<url>db/journals/ijis/ijis9.html#BoscB94</url>
</article>
</r>
<r><inproceedings key="conf/ijcai/Bouchon-MeunierRV93" mdate="2017-05-20">
<author>Bernadette Bouchon-Meunier</author>
<author>Mohammed Ramdani</author>
<author>Llorenç Valverde</author>
<title>Fuzzy Logic, Inductive and Analogical Reasoning.</title>
<pages>38-50</pages>
<year>1993</year>
<crossref>conf/ijcai/1993fl</crossref>
<booktitle>Fuzzy Logic in Artificial Intelligence</booktitle>
<url>db/conf/ijcai/ijcai1993fl.html#Bouchon-MeunierRV93</url>
</inproceedings>
</r>
<r><proceedings key="conf/ipmu/1992" mdate="2019-10-19">
<editor>Bernadette Bouchon-Meunier</editor>
<editor orcid="0000-0002-9163-568X">Llorenç Valverde</editor>
<editor>Ronald R. Yager</editor>
<title>IPMU '92 - Advanced Methods in Artificial Intelligence, 4th International Conference on Processing and Management of Uncertainty in Knowledge-Based Systems, Palma de Mallorca, Spain, July 6-10, 1992, Proceedings</title>
<booktitle>IPMU</booktitle>
<series href="db/series/lncs/index.html">Lecture Notes in Computer Science</series>
<volume>682</volume>
<publisher>Springer</publisher>
<year>1993</year>
<isbn>3-540-56735-6</isbn>
<url>db/conf/ipmu/ipmu1992.html</url>
</proceedings>
</r>
<r><article key="journals/ijis/Bouchon-Meunier92" mdate="2017-05-27">
<author>Bernadette Bouchon-Meunier</author>
<title>Introduction.</title>
<pages>1-2</pages>
<year>1992</year>
<volume>7</volume>
<journal>Int. J. Intell. Syst.</journal>
<number>1</number>
<url>db/journals/ijis/ijis7.html#Bouchon-Meunier92</url>
</article>
</r>
<r><article key="journals/ijis/Bouchon-MeunierJ92" mdate="2017-05-27">
<author>Bernadette Bouchon-Meunier</author>
<author>Yao Jia</author>
<title>Linguistic modifiers and imprecise categories.</title>
<pages>25-36</pages>
<year>1992</year>
<volume>7</volume>
<journal>Int. J. Intell. Syst.</journal>
<number>1</number>
<url>db/journals/ijis/ijis7.html#Bouchon-MeunierJ92</url>
</article>
</r>
<r><proceedings key="conf/ipmu/1990" mdate="2019-05-14">
<editor>Bernadette Bouchon-Meunier</editor>
<editor>Ronald R. Yager</editor>
<editor>Lotfi A. Zadeh</editor>
<title>Uncertainty in Knowledge Bases, 3rd International Conference on Information Processing and Management of Uncertainty in Knowledge-Based Systems, IPMU '90, Paris, France, July 2-6, 1990, Proceedings</title>
<booktitle>IPMU</booktitle>
<series href="db/series/lncs/index.html">Lecture Notes in Computer Science</series>
<volume>521</volume>
<publisher>Springer</publisher>
<year>1991</year>
<isbn>3-540-54346-5</isbn>
<url>db/conf/ipmu/ipmu1990.html</url>
</proceedings>
</r>
<r><inproceedings key="conf/ipmu/Bouchon88" mdate="2017-05-19">
<author>Bernadette Bouchon-Meunier</author>
<title>Stability of Linguistic Modifiers Compatible with a Fuzzy Logic.</title>
<pages>63-70</pages>
<year>1988</year>
<crossref>conf/ipmu/1988</crossref>
<booktitle>IPMU</booktitle>
<url>db/conf/ipmu/ipmu1988.html#Bouchon88</url>
</inproceedings>
</r>
<r><proceedings key="conf/ipmu/1988" mdate="2019-05-14">
<editor>Bernadette Bouchon-Meunier</editor>
<editor>Lorenza Saitta</editor>
<editor>Ronald R. Yager</editor>
<title>Uncertainty and Intelligent Systems, 2nd International Conference on Information Processing and Management of Uncertainty in Knowledge-Based Systems, IPMU '88, Urbino, Italy, July 4-7, 1988, Proceedings</title>
<booktitle>IPMU</booktitle>
<series href="db/series/lncs/index.html">Lecture Notes in Computer Science</series>
<volume>313</volume>
<publisher>Springer</publisher>
<year>1988</year>
<isbn>3-540-19402-9</isbn>
<isbn>0-387-19402-9</isbn>
<url>db/conf/ipmu/ipmu1988.html</url>
</proceedings>
</r>
<r><proceedings key="conf/ipmu/1986" mdate="2019-05-14">
<editor>Bernadette Bouchon-Meunier</editor>
<editor>Ronald R. Yager</editor>
<title>Uncertainty in Knowledge-Based Systems, International Conference on Information Processing and Management of Uncertainty in Knowledge-Based Systems, IPMU '86, Paris, France, June 30 - July 4, 1986, Selected and Extended Contributions</title>
<booktitle>IPMU</booktitle>
<series href="db/series/lncs/index.html">Lecture Notes in Computer Science</series>
<volume>286</volume>
<publisher>Springer</publisher>
<year>1987</year>
<isbn>3-540-18579-8</isbn>
<isbn>0-387-18579-8</isbn>
<url>db/conf/ipmu/ipmu1986.html</url>
</proceedings>
</r>
<r><inproceedings key="conf/coding/AkdagB86" mdate="2017-05-19">
<author>Herman Akdag</author>
<author>Bernadette Bouchon</author>
<title>Optimality of Right Leaning Trees.</title>
<pages>76-85</pages>
<year>1986</year>
<crossref>conf/coding/1986</crossref>
<booktitle>Coding Theory and Applications</booktitle>
<url>db/conf/coding/coding1986.html#AkdagB86</url>
</inproceedings>
</r>
<r><inproceedings key="conf/ipmu/Bouchon-MeunierD86" mdate="2017-05-19">
<author>Bernadette Bouchon-Meunier</author>
<author>Sylvie Desprès</author>
<title>Propagation of uncertainties and inaccuracies in knowledge-based systems.</title>
<pages>58-65</pages>
<year>1986</year>
<crossref>conf/ipmu/1986</crossref>
<booktitle>IPMU</booktitle>
<url>db/conf/ipmu/ipmu1986.html#Bouchon-MeunierD86</url>
</inproceedings>
</r>
<r><article key="journals/isci/BouchonL85" mdate="2017-05-27">
<author>Bernadette Bouchon</author>
<author>Jean-Louis Laurière</author>
<title>Symbolic normalized acquisition and representation of knowledge.</title>
<pages>85-94</pages>
<year>1985</year>
<volume>37</volume>
<journal>Inf. Sci.</journal>
<number>1-3</number>
<url>db/journals/isci/isci37.html#BouchonL85</url>
</article>
</r>
<r><article key="journals/kybernetika/BouchonP85" mdate="2015-12-07">
<author>Bernadette Bouchon</author>
<author>Franquiberto Pessoa</author>
<title>Logarithmic information of degree q linked with an extension of Fisher's information.</title>
<pages>346-359</pages>
<year>1985</year>
<volume>21</volume>
<journal>Kybernetika</journal>
<number>5</number>
<url>db/journals/kybernetika/kybernetika21.html#BouchonP85</url>
</article>
</r>
<r><article key="journals/ita/AggarwalB79" mdate="2019-05-24">
<author>Nand Lal Aggarwal</author>
<author>Bernadette Bouchon</author>
<title>Chronique sur la Théorie de l'Information.</title>
<year>1979</year>
<volume>13</volume>
<journal>ITA</journal>
<number>4</number>
<url>db/journals/ita/ita13.html#AggarwalB79</url>
<pages>379-381</pages>
</article>
</r>
<r><article key="journals/iandc/Bouchon76" mdate="2017-05-18">
<title>Useful Information and Questionnaires</title>
<author>Bernadette Bouchon</author>
<pages>368-378</pages>
<journal>Information and Control</journal>
<month>December</month>
<year>1976</year>
<volume>32</volume>
<number>4</number>
<url>db/journals/iandc/iandc32.html#Bouchon76</url>
</article>
</r>
<coauthors n="123" nc="7">
<co c="1"><na f="a/Abbass:Hussein_A=">Hussein A. Abbass</na></co>
<co c="-1"><na f="a/Aggarwal:Nand_Lal">Nand Lal Aggarwal</na></co>
<co c="0"><na f="a/Akdag:Herman">Herman Akdag</na></co>
<co c="1"><na f="a/Alippi:Cesare">Cesare Alippi</na></co>
<co c="0"><na f="a/Almeida:Rui_Jorge">Rui Jorge Almeida</na></co>
<co c="0"><na f="b/Bakkoury:Zohra">Zohra Bakkoury</na></co>
<co c="0"><na f="b/B=auml=recke:Thomas">Thomas Bärecke</na></co>
<co c="0"><na f="b/Berger:V=">V. Berger</na></co>
<co c="0"><na f="b/Berrado:Abdelaziz">Abdelaziz Berrado</na></co>
<co c="0"><na f="b/Bonissone:Piero_P=">Piero P. Bonissone</na></co>
<co c="-1"><na f="b/Bosc:Patrick">Patrick Bosc</na></co>
<co c="0"><na f="b/Bothorel:Sylvie">Sylvie Bothorel</na></co>
<co c="0"><na f="b/Boucher:Alain">Alain Boucher</na></co>
<co c="3"><na f="b/Bretier:Philippe">Philippe Bretier</na></co>
<co c="0"><na f="c/Cabrera:Inma_P=">Inma P. Cabrera</na></co>
<co c="2"><na f="c/Camargo:Mauricio">Mauricio Camargo</na></co>
<co c="0"><na f="c/Capet:Philippe">Philippe Capet</na></co>
<co c="0"><na f="c/Caraux:Gilles">Gilles Caraux</na></co>
<co c="0"><na f="c/Carvalho:Jo=atilde=o_Paulo">João Paulo Carvalho</na></co>
<co c="4"><na f="c/Chang:Chuan=Yu">Chuan-Yu Chang</na></co>
<co c="0"><na f="c/Changuel:Sahar">Sahar Changuel</na></co>
<co c="4"><na f="c/Chung:Pau=Choo">Pau-Choo Chung</na></co>
<co c="0"><na f="c/Cloteaux:Brian">Brian Cloteaux</na></co>
<co c="0"><na f="c/Cobo:Manuel_J=">Manuel J. Cobo</na></co>
<co c="0"><na f="c/Coletti:Giulianella">Giulianella Coletti</na></co>
<co c="0"><na f="c/Collain:Emmanuel">Emmanuel Collain</na></co>
<co c="0"><na f="c/Couchariere:Olivier">Olivier Couchariere</na></co>
<co c="0"><na f="d/d=Allonnes:Adrien_Revault">Adrien Revault d'Allonnes</na></co>
<co c="0"><na f="d/Dang:Thanh_Ha">Thanh Ha Dang</na></co>
<co c="0"><na f="d/Delavallade:Thomas">Thomas Delavallade</na></co>
<co c="0"><na f="d/Delechamp:J=">J. Delechamp</na></co>
<co c="0"><na f="d/Delort:Jean=Yves">Jean-Yves Delort</na></co>
<co c="0"><na f="d/Denhi=egrave=re:Guy">Guy Denhière</na></co>
<co c="-1"><na f="d/Despr=egrave=s:Sylvie">Sylvie Desprès</na></co>
<co c="0"><na f="d/Detyniecki:Marcin">Marcin Detyniecki</na></co>
<co c="0"><na f="d/Diaz:Javier">Javier Diaz</na></co>
<co c="0"><na f="d/Dzogang:Fabon">Fabon Dzogang</na></co>
<co c="0"><na f="e/Eick:Christoph_F=">Christoph F. Eick</na></co>
<co c="0"><na f="e/Esteva:Francesc">Francesc Esteva</na></co>
<co c="0"><na f="f/Fedrizzi:Mario">Mario Fedrizzi</na></co>
<co c="5"><na f="f/Fondacci:R=eacute=my">Rémy Fondacci</na></co>
<co c="6"><na f="f/Fono:Louis_Aim=eacute=">Louis Aimé Fono</na></co>
<co c="0"><na f="f/Forest:Jason">Jason Forest</na></co>
<co c="0"><na f="g/Galichet:Sylvie">Sylvie Galichet</na></co>
<co c="0"><na f="g/Gallinari:Patrick">Patrick Gallinari</na></co>
<co c="0"><na f="g/Gascuel:Olivier">Olivier Gascuel</na></co>
<co c="0"><na f="g/Gehrke:Mai">Mai Gehrke</na></co>
<co c="0"><na f="g/Godo:Lluis">Lluis Godo</na></co>
<co c="0"><na f="g/Greco:Salvatore">Salvatore Greco</na></co>
<co c="1"><na f="g/Greenwood:Garrison_W=">Garrison W. Greenwood</na></co>
<co c="0"><na f="g/Gu=eacute=noche:Alain">Alain Guénoche</na></co>
<co c="0"><na f="g/Guermeur:Yann">Yann Guermeur</na></co>
<co c="6"><na f="g/Gw=eacute=t:Henri">Henri Gwét</na></co>
<co c="0"><na f="h/H=eacute=brail:Georges">Georges Hébrail</na></co>
<co c="0"><na f="h/Herrera=Viedma:Enrique">Enrique Herrera-Viedma</na></co>
<co c="0"><na f="h/Hugueney:Bernard">Bernard Hugueney</na></co>
<co c="0"><na f="j/Jhean=Larose:Sandra">Sandra Jhean-Larose</na></co>
<co c="-1"><na f="j/Jia:Yao">Yao Jia</na></co>
<co c="0"><na f="k/Kaymak:Uzay">Uzay Kaymak</na></co>
<co c="0"><na f="k/Kissi:Mohamed">Mohamed Kissi</na></co>
<co c="2"><na f="k/Koehl:Ludovic">Ludovic Koehl</na></co>
<co c="0"><na f="k/Kosheleva:Olga">Olga Kosheleva</na></co>
<co c="0"><na f="k/Kreinovich:Vladik">Vladik Kreinovich</na></co>
<co c="0"><na f="l/Labroche:Nicolas">Nicolas Labroche</na></co>
<co c="0"><na f="l/Laengle:Sigifredo">Sigifredo Laengle</na></co>
<co c="3"><na f="l/Laroche:Romain">Romain Laroche</na></co>
<co c="0"><na f="l/Laurent:Anne">Anne Laurent</na></co>
<co c="-1"><na f="l/Lauri=egrave=re:Jean=Louis">Jean-Louis Laurière</na></co>
<co c="0"><na f="l/Lechevallier:Yves">Yves Lechevallier</na></co>
<co c="0"><na f="l/Leclercq:Vincent">Vincent Leclercq</na></co>
<co c="0"><na f="l/Lesot:Marie=Jeanne">Marie-Jeanne Lesot</na></co>
<co c="0"><na f="l/Levillain:Florent">Florent Levillain</na></co>
<co c="1"><na f="l/Liu_0006:Jing">Jing Liu 0006</na></co>
<co c="0"><na f="l/Lokshin:Anatole">Anatole Lokshin</na></co>
<co c="0"><na f="m/Marsala:Christophe">Christophe Marsala</na></co>
<co c="0"><na f="m/Matarazzo:Benedetto">Benedetto Matarazzo</na></co>
<co c="0"><na f="m/Medina:Jes=uacute=s">Jesús Medina</na></co>
<co c="0"><na f="m/Mellouli:Nedra">Nedra Mellouli</na></co>
<co c="0"><na f="m/Merig=oacute=:Jos=eacute=_M=">José M. Merigó</na></co>
<co c="0"><na f="m/Mesiar:Radko">Radko Mesiar</na></co>
<co c="0"><na f="m/Miclet:Laurent">Laurent Miclet</na></co>
<co c="0"><na f="m/Moub=ecirc=che:Benjamin">Benjamin Moubêche</na></co>
<co c="0"><na f="m/Mouillet:Laure">Laure Mouillet</na></co>
<co c="0"><na f="m/Moyse:Gilles">Gilles Moyse</na></co>
<co c="0"><na f="m/Muller:Serge">Serge Muller</na></co>
<co c="0"><na f="n/Nel:Fran=ccedil=ois">François Nel</na></co>
<co c="0"><na f="n/Nguyen_0002:Hung_T=">Hung T. Nguyen 0002</na></co>
<co c="0"><na f="n/Nicolas:Jacques">Jacques Nicolas</na></co>
<co c="0"><na f="n/Nock:Richard">Richard Nock</na></co>
<co c="0"><na f="o/Ojeda=Aciego:Manuel">Manuel Ojeda-Aciego</na></co>
<co c="0"><na f="o/Omhover:Jean=Fran=ccedil=ois">Jean-François Omhover</na></co>
<co c="0"><na f="o/Orero:Joseph_Onderi">Joseph Onderi Orero</na></co>
<co c="0"><na f="p/Pal:Nikhil_R=">Nikhil R. Pal</na></co>
<co c="0"><na f="p/Pelta:David_A=">David A. Pelta</na></co>
<co c="0"><na f="p/Perfilieva:Irina">Irina Perfilieva</na></co>
<co c="-1"><na f="p/Pessoa:Franquiberto">Franquiberto Pessoa</na></co>
<co c="0"><na f="p/Pichon:Fr=eacute=d=eacute=ric">Frédéric Pichon</na></co>
<co c="0"><na f="p/Putois:Georges=Marie">Georges-Marie Putois</na></co>
<co c="3"><na f="p/Putois:Ghislain">Ghislain Putois</na></co>
<co c="0"><na f="r/Ralescu:Dan_A=">Dan A. Ralescu</na></co>
<co c="0"><na f="r/Ramdani:Mohammed">Mohammed Ramdani</na></co>
<co c="0"><na f="r/Rifqi:Maria">Maria Rifqi</na></co>
<co c="0"><na f="s/Saitta:Lorenza">Lorenza Saitta</na></co>
<co c="0"><na f="s/Sandri:Sandra_A=">Sandra A. Sandri</na></co>
<co c="0"><na f="s/Sebag:Mich=egrave=le">Michèle Sebag</na></co>
<co c="0"><na f="s/Strauss:Olivier">Olivier Strauss</na></co>
<co c="0"><na f="t/Tallur:Basavanneppa">Basavanneppa Tallur</na></co>
<co c="0"><na f="t/Tran:Tri_Duc">Tri Duc Tran</na></co>
<co c="0"><na f="v/Valverde:Lloren=ccedil=">Llorenç Valverde</na></co>
<co c="0"><na f="v/Venturini:Gilles">Gilles Venturini</na></co>
<co c="0" n="2"><na f="v/Verdegay:Jos=eacute=_L=">José L. Verdegay</na><na>José Luis Verdegay Galdeano</na></co>
<co c="0"><na f="v/Vieira:Susana_M=">Susana M. Vieira</na></co>
<co c="0"><na f="v/Vitte:Patrick">Patrick Vitte</na></co>
<co c="0"><na f="v/Vo:Phuc=Nguyen">Phuc-Nguyen Vo</na></co>
<co c="0"><na f="v/Vu:Viet=Vu">Viet-Vu Vu</na></co>
<co c="0"><na f="w/Wang:Wan=Ru">Wan-Ru Wang</na></co>
<co c="0"><na f="y/Yager:Ronald_R=">Ronald R. Yager</na></co>
<co c="-1"><na f="y/Ying:Mingsheng">Mingsheng Ying</na></co>
<co c="0"><na f="y/Yu:Dejian">Dejian Yu</na></co>
<co c="0"><na f="z/Zadeh:Lotfi_A=">Lotfi A. Zadeh</na></co>
<co c="0"><na f="z/Zakarya:Driss">Driss Zakarya</na></co>
<co c="2"><na f="z/Zeng:Xianyi">Xianyi Zeng</na></co>
<co c="5"><na f="z/Zerrouki:Le=iuml=la">Leïla Zerrouki</na></co>
</coauthors>
</dblpperson>

