<?xml version='1.0' encoding='UTF-8'?>
<dblpperson name="Maryse Pelletier" n="6">
<person key="homepages/35/6733" mdate="2009-06-10">
<author>Maryse Pelletier</author>
</person>
<r><inproceedings key="conf/soda/FlajoletPS11" mdate="2017-05-24">
<author>Philippe Flajolet</author>
<author>Maryse Pelletier</author>
<author>Michèle Soria</author>
<title>On Buffon Machines and Numbers.</title>
<pages>172-183</pages>
<year>2011</year>
<booktitle>SODA</booktitle>
<crossref>conf/soda/2011</crossref>
<url>db/conf/soda/soda2011.html#FlajoletPS11</url>
</inproceedings>
</r>
<r><article key="journals/tcs/PelletierS99" mdate="2017-05-28">
<author>Maryse Pelletier</author>
<author>Jacques Sakarovitch</author>
<title>On the Representation of Finite Deterministic 2-Tape Automata.</title>
<pages>1-63</pages>
<year>1999</year>
<volume>225</volume>
<journal>Theor. Comput. Sci.</journal>
<number>1-2</number>
<url>db/journals/tcs/tcs225.html#PelletierS99</url>
</article>
</r>
<r><inproceedings key="conf/ifip/PelletierS94" mdate="2016-03-15">
<author>Maryse Pelletier</author>
<author>Jacques Sakarovitch</author>
<title>On the Lexicographic Uniformisation of Deterministic 2-Tape Automata (Extended Abstract).</title>
<pages>485-490</pages>
<year>1994</year>
<crossref>conf/ifip/1994-1</crossref>
<booktitle>IFIP Congress (1)</booktitle>
<url>db/conf/ifip/ifip94-1.html#PelletierS94</url>
</inproceedings>
</r>
<r><article key="journals/iandc/PelletierS90" mdate="2017-05-18">
<title>Easy Multiplications II. Extensions of Rational Semigroups</title>
<author>Maryse Pelletier</author>
<author>Jacques Sakarovitch</author>
<pages>18-59</pages>
<journal>Inf. Comput.</journal>
<month>September</month>
<year>1990</year>
<volume>88</volume>
<number>1</number>
<url>db/journals/iandc/iandc88.html#PelletierS90</url>
</article>
</r>
<r><inproceedings key="conf/icalp/Pelletier90" mdate="2017-05-19">
<author>Maryse Pelletier</author>
<title>Boolean Closure and Unambiguity of Rational Sets.</title>
<pages>512-525</pages>
<year>1990</year>
<crossref>conf/icalp/1990</crossref>
<booktitle>ICALP</booktitle>
<url>db/conf/icalp/icalp90.html#Pelletier90</url>
</inproceedings>
</r>
<r><inproceedings key="conf/imycs/Pelletier90" mdate="2017-05-19">
<author>Maryse Pelletier</author>
<title>Monoids Described by Pushdown Automata.</title>
<pages>195-203</pages>
<year>1990</year>
<crossref>conf/imycs/1990</crossref>
<booktitle>IMYCS</booktitle>
<url>db/conf/imycs/imycs1990.html#Pelletier90</url>
</inproceedings>
</r>
<coauthors n="3" nc="1">
<co c="0"><na f="f/Flajolet:Philippe">Philippe Flajolet</na></co>
<co c="-1"><na f="s/Sakarovitch:Jacques">Jacques Sakarovitch</na></co>
<co c="0"><na f="s/Soria:Mich=egrave=le">Michèle Soria</na></co>
</coauthors>
</dblpperson>

