<?xml version='1.0' encoding='UTF-8'?>
<dblpperson name="Michèle Soria" n="31">
<person key="homepages/32/1137" mdate="2017-02-14">
<author>Michèle Soria</author>
<url>https://www-apr.lip6.fr/~soria/</url>
<note type="affiliation">Université Paris 6 (Pierre et Marie Curie), France</note>
</person>
<r><inproceedings key="conf/concur/BassetMS17" mdate="2018-08-23">
<author>Nicolas Basset</author>
<author>Jean Mairesse</author>
<author>Michèle Soria</author>
<title>Uniform Sampling for Networks of Automata.</title>
<pages>36:1-36:16</pages>
<year>2017</year>
<booktitle>CONCUR</booktitle>
<ee type="oa">https://doi.org/10.4230/LIPIcs.CONCUR.2017.36</ee>
<crossref>conf/concur/2017</crossref>
<url>db/conf/concur/concur2017.html#BassetMS17</url>
</inproceedings>
</r>
<r><article key="journals/algorithmica/Bousquet-MelouS16" mdate="2018-06-26">
<author>Mireille Bousquet-Mélou</author>
<author>Robert Sedgewick</author>
<author>Michèle Soria</author>
<title>Introduction for S.I. AofA14.</title>
<pages>577-578</pages>
<year>2016</year>
<volume>75</volume>
<journal>Algorithmica</journal>
<number>4</number>
<ee type="oa">https://doi.org/10.1007/s00453-016-0156-5</ee>
<url>db/journals/algorithmica/algorithmica75.html#Bousquet-MelouS16</url>
</article>
</r>
<r><article key="journals/cpc/DarrasseHS16" mdate="2017-05-18">
<author>Alexis Darrasse</author>
<author>Hsien-Kuei Hwang</author>
<author>Michèle Soria</author>
<title>Shape Measures of Random Increasing <i>k</i>-trees.</title>
<pages>668-699</pages>
<year>2016</year>
<volume>25</volume>
<journal>Combinatorics, Probability and Computing</journal>
<number>5</number>
<url>db/journals/cpc/cpc25.html#DarrasseHS16</url>
</article>
</r>
<r><article key="journals/algorithmica/X12" mdate="2017-05-17">
<author>Bruno Salvy</author>
<author>Bob Sedgewick</author>
<author>Michèle Soria</author>
<author>Wojciech Szpankowski</author>
<author>Brigitte Vallée</author>
<title>Philippe Flajolet, the Father of Analytic Combinatorics.</title>
<pages>635-636</pages>
<year>2012</year>
<volume>62</volume>
<journal>Algorithmica</journal>
<number>1-2</number>
<url>db/journals/algorithmica/algorithmica62.html#X12</url>
</article>
</r>
<r><article key="journals/dam/BodiniRS12" mdate="2017-05-28">
<author>Olivier Bodini</author>
<author>Olivier Roussel</author>
<author>Michèle Soria</author>
<title>Boltzmann samplers for first-order differential specifications.</title>
<pages>2563-2572</pages>
<year>2012</year>
<volume>160</volume>
<journal>Discrete Applied Mathematics</journal>
<number>18</number>
<url>db/journals/dam/dam160.html#BodiniRS12</url>
</article>
</r>
<r><article key="journals/jct/PivoteauSS12" mdate="2017-06-06">
<author>Carine Pivoteau</author>
<author orcid="0000-0002-4313-0679">Bruno Salvy</author>
<author>Michèle Soria</author>
<title>Algorithms for combinatorial structures: Well-founded systems and Newton iterations.</title>
<pages>1711-1773</pages>
<year>2012</year>
<volume>119</volume>
<journal>J. Comb. Theory, Ser. A</journal>
<number>8</number>
<url>db/journals/jct/jcta119.html#PivoteauSS12</url>
</article>
</r>
<r><article key="journals/cca/SalvySSSV11" mdate="2018-11-06">
<author>Bruno Salvy</author>
<author>Bob Sedgewick</author>
<author>Michèle Soria</author>
<author>Wojciech Szpankowski</author>
<author>Brigitte Vallée</author>
<title>Philippe Flajolet: the father of analytic combinatorics.</title>
<pages>90-91</pages>
<year>2011</year>
<volume>45</volume>
<journal>ACM Comm. Computer Algebra</journal>
<number>1/2</number>
<url>db/journals/cca/cca45.html#SalvySSSV11</url>
</article>
</r>
<r><article key="journals/cpc/SalvySSSV11" mdate="2017-05-18">
<author>Bruno Salvy</author>
<author>Bob Sedgewick</author>
<author>Michèle Soria</author>
<author>Wojciech Szpankowski</author>
<author>Brigitte Vallée</author>
<title>Philippe Flajolet 1 December 1948 - 22 March 2011.</title>
<pages>647-649</pages>
<year>2011</year>
<volume>20</volume>
<journal>Combinatorics, Probability and Computing</journal>
<number>5</number>
<url>db/journals/cpc/cpc20.html#SalvySSSV11</url>
</article>
</r>
<r><article key="journals/eatcs/SalvySSSV11" mdate="2018-04-12">
<author>Bruno Salvy</author>
<author>Robert Sedgewick</author>
<author>Michèle Soria</author>
<author>Wojciech Szpankowski</author>
<author>Brigitte Vallée</author>
<title>Philippe Flajolet (1948-2011).</title>
<pages>16-18</pages>
<year>2011</year>
<volume>104</volume>
<journal>Bulletin of the EATCS</journal>
<url>db/journals/eatcs/eatcs104.html#SalvySSSV11</url>
</article>
</r>
<r><article key="journals/ita/SalvySSSV11" mdate="2017-05-28">
<author>Bruno Salvy</author>
<author>Robert Sedgewick</author>
<author>Michèle Soria</author>
<author>Wojciech Szpankowski</author>
<author>Brigitte Vallée</author>
<title>In memoriam: Philippe Flajolet, the father of analytic combinatorics.</title>
<pages>371-373</pages>
<year>2011</year>
<volume>45</volume>
<journal>RAIRO - Theor. Inf. and Applic.</journal>
<number>4</number>
<url>db/journals/ita/ita45.html#SalvySSSV11</url>
</article>
</r>
<r><article key="journals/jsc/SalvySSSV11" mdate="2017-05-17">
<author>Bruno Salvy</author>
<author>Bob Sedgewick</author>
<author>Michèle Soria</author>
<author>Wojciech Szpankowski</author>
<author>Brigitte Vallée</author>
<title>Obituary. Philippe Flajolet.</title>
<pages>1085-1086</pages>
<year>2011</year>
<volume>46</volume>
<journal>J. Symb. Comput.</journal>
<number>9</number>
<url>db/journals/jsc/jsc46.html#SalvySSSV11</url>
</article>
</r>
<r><article key="journals/talg/SalvySSSV11" mdate="2018-11-06">
<author orcid="0000-0002-4313-0679">Bruno Salvy</author>
<author>Bob Sedgewick</author>
<author>Michèle Soria</author>
<author>Wojciech Szpankowski</author>
<author>Brigitte Vallée</author>
<title>Philippe flajolet, the father of analytic combinatorics.</title>
<pages>40:1-40:2</pages>
<year>2011</year>
<volume>7</volume>
<journal>ACM Trans. Algorithms</journal>
<number>4</number>
<url>db/journals/talg/talg7.html#SalvySSSV11</url>
</article>
</r>
<r><article key="journals/tcs/SalvySSSV11" mdate="2017-05-28">
<author>Bruno Salvy</author>
<author>Bob Sedgewick</author>
<author>Michèle Soria</author>
<author>Wojciech Szpankowski</author>
<author>Brigitte Vallée</author>
<title>Philippe Flajolet, the Father of Analytic Combinatorics.</title>
<pages>4469-4470</pages>
<year>2011</year>
<volume>412</volume>
<journal>Theor. Comput. Sci.</journal>
<number>35</number>
<url>db/journals/tcs/tcs412.html#SalvySSSV11</url>
</article>
</r>
<r><inproceedings key="conf/soda/FlajoletPS11" mdate="2017-05-24">
<author>Philippe Flajolet</author>
<author>Maryse Pelletier</author>
<author>Michèle Soria</author>
<title>On Buffon Machines and Numbers.</title>
<pages>172-183</pages>
<year>2011</year>
<booktitle>SODA</booktitle>
<crossref>conf/soda/2011</crossref>
<url>db/conf/soda/soda2011.html#FlajoletPS11</url>
</inproceedings>
</r>
<r><inproceedings key="conf/analco/DarrasseHBS10" mdate="2017-05-23">
<author>Alexis Darrasse</author>
<author>Hsien-Kuei Hwang</author>
<author>Olivier Bodini</author>
<author>Michèle Soria</author>
<title>The Connectivity-Profile of Random Increasing k-trees.</title>
<pages>99-106</pages>
<year>2010</year>
<booktitle>ANALCO</booktitle>
<crossref>conf/analco/2010</crossref>
<url>db/conf/analco/analco2010.html#DarrasseHBS10</url>
</inproceedings>
</r>
<r><inproceedings key="conf/complenet/WangLS10" mdate="2017-05-22">
<author>Xiaomin Wang</author>
<author>Matthieu Latapy</author>
<author>Michèle Soria</author>
<title>Deciding on the Type of a Graph from a BFS.</title>
<pages>68-74</pages>
<year>2010</year>
<booktitle>CompleNet</booktitle>
<crossref>conf/complenet/2010</crossref>
<url>db/conf/complenet/complenet2010.html#WangLS10</url>
</inproceedings>
</r>
<r><article key="journals/endm/RousselS09" mdate="2017-05-27">
<author>Olivier Roussel</author>
<author>Michèle Soria</author>
<title>Boltzmann sampling of ordered structures.</title>
<pages>305-310</pages>
<year>2009</year>
<volume>35</volume>
<journal>Electronic Notes in Discrete Mathematics</journal>
<url>db/journals/endm/endm35.html#RousselS09</url>
</article>
</r>
<r><inproceedings key="conf/ecmdafa/MougenotDBS09" mdate="2017-11-16">
<author>Alix Mougenot</author>
<author>Alexis Darrasse</author>
<author>Xavier Blanc 0001</author>
<author>Michèle Soria</author>
<title>Uniform Random Generation of Huge Metamodel Instances.</title>
<pages>130-145</pages>
<year>2009</year>
<booktitle>ECMDA-FA</booktitle>
<crossref>conf/ecmdafa/2009</crossref>
<url>db/conf/ecmdafa/ecmdafa2009.html#MougenotDBS09</url>
</inproceedings>
</r>
<r><inproceedings key="conf/iwoca/DarrasseS09" mdate="2017-05-17">
<author>Alexis Darrasse</author>
<author>Michèle Soria</author>
<title>Limiting Distribution for Distances in <i>k</i>-Trees.</title>
<pages>170-182</pages>
<year>2009</year>
<booktitle>IWOCA</booktitle>
<crossref>conf/iwoca/2009</crossref>
<url>db/conf/iwoca/iwoca2009.html#DarrasseS09</url>
</inproceedings>
</r>
<r><inproceedings key="conf/ifip3/BrygodDMQS02" mdate="2005-01-27">
<author>Anne Brygoo</author>
<author>Titou Durand</author>
<author>Pascal Manoury</author>
<author>Christian Queinnec</author>
<author>Michèle Soria</author>
<title>Experiment around a training engine.</title>
<pages>45-52</pages>
<year>2002</year>
<crossref>conf/ifip3/2002</crossref>
<booktitle>TelE-Learning</booktitle>
<url>db/conf/ifip3/ifip3-2002.html#BrygodDMQS02</url>
</inproceedings>
</r>
<r><article key="journals/rsa/BanderierFSS01" mdate="2017-05-26">
<author>Cyril Banderier</author>
<author>Philippe Flajolet</author>
<author>Gilles Schaeffer</author>
<author>Michèle Soria</author>
<title>Random maps, coalescing saddles, singularity analysis, and Airy phenomena.</title>
<pages>194-246</pages>
<year>2001</year>
<volume>19</volume>
<journal>Random Struct. Algorithms</journal>
<number>3-4</number>
<url>db/journals/rsa/rsa19.html#BanderierFSS01</url>
</article>
</r>
<r><inproceedings key="conf/icalp/BanderierFSS00" mdate="2017-05-23">
<author>Cyril Banderier</author>
<author>Philippe Flajolet</author>
<author>Gilles Schaeffer</author>
<author>Michèle Soria</author>
<title>Planar Maps and Airy Phenomena.</title>
<pages>388-402</pages>
<year>2000</year>
<crossref>conf/icalp/2000</crossref>
<booktitle>ICALP</booktitle>
<url>db/conf/icalp/icalp2000.html#BanderierFSS00</url>
</inproceedings>
</r>
<r><article key="journals/siamdm/DrmotaS97" mdate="2017-05-26">
<author>Michael Drmota</author>
<author>Michèle Soria</author>
<title>Images and Preimages in Random Mappings.</title>
<pages>246-269</pages>
<year>1997</year>
<volume>10</volume>
<journal>SIAM J. Discrete Math.</journal>
<number>2</number>
<url>db/journals/siamdm/siamdm10.html#DrmotaS97</url>
</article>
</r>
<r><article key="journals/tcs/DrmotaS95" mdate="2017-05-28">
<author>Michael Drmota</author>
<author>Michèle Soria</author>
<title>Marking in Combinatorial Constructions: Generating Functions and Limiting Distributions.</title>
<pages>67-99</pages>
<year>1995</year>
<volume>144</volume>
<journal>Theor. Comput. Sci.</journal>
<number>1and2</number>
<url>db/journals/tcs/tcs144.html#DrmotaS95</url>
</article>
</r>
<r><article key="journals/dm/FlajoletS93" mdate="2017-05-28">
<author>Philippe Flajolet</author>
<author>Michèle Soria</author>
<title>General combinatorial schemas: Gaussian limit distributions and exponential tails.</title>
<pages>159-180</pages>
<year>1993</year>
<volume>114</volume>
<journal>Discrete Mathematics</journal>
<number>1-3</number>
<url>db/journals/dm/dm114.html#FlajoletS93</url>
</article>
</r>
<r><article key="journals/siamdm/FlajoletS91" mdate="2017-05-26">
<author>Philippe Flajolet</author>
<author>Michèle Soria</author>
<title>The Cycle Construction.</title>
<pages>58-60</pages>
<year>1991</year>
<volume>4</volume>
<journal>SIAM J. Discrete Math.</journal>
<number>1</number>
<url>db/journals/siamdm/siamdm4.html#FlajoletS91</url>
</article>
</r>
<r><article key="journals/jct/FlajoletS90" mdate="2017-05-27">
<author>Philippe Flajolet</author>
<author>Michèle Soria</author>
<title>Gaussian limiting distributions for the number of components in combinatorial structures.</title>
<pages>165-182</pages>
<year>1990</year>
<volume>53</volume>
<journal>J. Comb. Theory, Ser. A</journal>
<number>2</number>
<url>db/journals/jct/jcta53.html#FlajoletS90</url>
</article>
</r>
<r><article key="journals/tcs/ChoppyKS89" mdate="2017-05-28">
<author>Christine Choppy</author>
<author>Stéphane Kaplan</author>
<author>Michèle Soria</author>
<title>Complexity Analysis of Term-Rewriting Systems.</title>
<pages>261-282</pages>
<year>1989</year>
<volume>67</volume>
<journal>Theor. Comput. Sci.</journal>
<number>2and3</number>
<url>db/journals/tcs/tcs67.html#ChoppyKS89</url>
</article>
</r>
<r><inproceedings key="conf/rta/ChoppyKS87" mdate="2017-05-19">
<author>Christine Choppy</author>
<author>Stéphane Kaplan</author>
<author>Michèle Soria</author>
<title>Algorithmic Complexity of Term Rewriting Systems.</title>
<pages>256-273</pages>
<year>1987</year>
<crossref>conf/rta/87</crossref>
<booktitle>RTA</booktitle>
<url>db/conf/rta/rta87.html#ChoppyKS87</url>
</inproceedings>
</r>
<r><article key="journals/ita/Soria83" mdate="2019-05-24">
<author>Michèle Soria</author>
<title>Une Extension des Langages Déterministes.</title>
<pages>301-319</pages>
<year>1983</year>
<volume>17</volume>
<journal>ITA</journal>
<number>4</number>
<url>db/journals/ita/ita17.html#Soria83</url>
</article>
</r>
<r><phdthesis key="books/daglib/0012759" mdate="2011-03-23">
<author>Michèle Soria</author>
<title>Langages quasideterministes.</title>
<pages>1-89</pages>
<school>Univ. Paris VII</school>
<year>1978</year>
</phdthesis>
</r>
<coauthors n="27" nc="5">
<co c="0"><na f="b/Banderier:Cyril">Cyril Banderier</na></co>
<co c="3"><na f="b/Basset:Nicolas">Nicolas Basset</na></co>
<co c="0"><na f="b/Blanc_0001:Xavier">Xavier Blanc 0001</na></co>
<co c="0"><na f="b/Bodini:Olivier">Olivier Bodini</na></co>
<co c="0"><na f="b/Bousquet=M=eacute=lou:Mireille">Mireille Bousquet-Mélou</na></co>
<co c="1"><na f="b/Brygoo:Anne">Anne Brygoo</na></co>
<co c="4"><na f="c/Choppy:Christine">Christine Choppy</na></co>
<co c="0"><na f="d/Darrasse:Alexis">Alexis Darrasse</na></co>
<co c="0"><na f="d/Drmota:Michael">Michael Drmota</na></co>
<co c="1"><na f="d/Durand:Titou">Titou Durand</na></co>
<co c="0"><na f="f/Flajolet:Philippe">Philippe Flajolet</na></co>
<co c="0"><na f="h/Hwang:Hsien=Kuei">Hsien-Kuei Hwang</na></co>
<co c="4"><na f="k/Kaplan:St=eacute=phane">Stéphane Kaplan</na></co>
<co c="2"><na f="l/Latapy:Matthieu">Matthieu Latapy</na></co>
<co c="3"><na f="m/Mairesse:Jean">Jean Mairesse</na></co>
<co c="1"><na f="m/Manoury:Pascal">Pascal Manoury</na></co>
<co c="0"><na f="m/Mougenot:Alix">Alix Mougenot</na></co>
<co c="0"><na f="p/Pelletier:Maryse">Maryse Pelletier</na></co>
<co c="0"><na f="p/Pivoteau:Carine">Carine Pivoteau</na></co>
<co c="1"><na f="q/Queinnec:Christian">Christian Queinnec</na></co>
<co c="0"><na f="r/Roussel:Olivier">Olivier Roussel</na></co>
<co c="0"><na f="s/Salvy:Bruno">Bruno Salvy</na></co>
<co c="0"><na f="s/Schaeffer:Gilles">Gilles Schaeffer</na></co>
<co c="0" n="2"><na f="s/Sedgewick:Robert">Robert Sedgewick</na><na>Bob Sedgewick</na></co>
<co c="0"><na f="s/Szpankowski:Wojciech">Wojciech Szpankowski</na></co>
<co c="0"><na f="v/Vall=eacute=e:Brigitte">Brigitte Vallée</na></co>
<co c="2"><na f="w/Wang:Xiaomin">Xiaomin Wang</na></co>
</coauthors>
</dblpperson>

