<?xml version='1.0' encoding='UTF-8'?>
<dblpperson name="Yann Thierry-Mieg" n="38">
<person key="homepages/91/1769" mdate="2019-01-23">
<author>Yann Thierry-Mieg</author>
<url>https://orcid.org/0000-0001-7775-1978</url>
</person>
<r><inproceedings key="conf/gramsec/PinchinatFWT19" mdate="2019-11-28">
<author>Sophie Pinchinat</author>
<author>Barbara Fila</author>
<author>Florence Wacheux</author>
<author>Yann Thierry-Mieg</author>
<title>Attack Trees: A Notion of Missing Attacks.</title>
<pages>23-49</pages>
<year>2019</year>
<booktitle>GraMSec@CSF</booktitle>
<crossref>conf/gramsec/2019</crossref>
<url>db/conf/gramsec/gramsec2019.html#PinchinatFWT19</url>
</inproceedings>
</r>
<r><inproceedings key="conf/tacas/AmparoreBCDGHHJ19" mdate="2019-10-19">
<author>Elvio Gilberto Amparore</author>
<author>Bernard Berthomieu</author>
<author>Gianfranco Ciardo</author>
<author orcid="0000-0002-6002-2696">Silvano Dal-Zilio</author>
<author>Francesco Gallà</author>
<author>Lom-Messan Hillah</author>
<author>Francis Hulin-Hubard</author>
<author orcid="0000-0002-9320-9991">Peter Gjøl Jensen</author>
<author>Loïg Jezequel</author>
<author>Fabrice Kordon</author>
<author>Didier Le Botlan</author>
<author>Torsten Liebke</author>
<author>Jeroen Meijer</author>
<author>Andrew S. Miner</author>
<author>Emmanuel Paviot-Adet</author>
<author>Jirí Srba</author>
<author>Yann Thierry-Mieg</author>
<author>Tom van Dijk</author>
<author>Karsten Wolf</author>
<title>Presentation of the 9th Edition of the Model Checking Contest.</title>
<pages>50-68</pages>
<year>2019</year>
<booktitle>TACAS (3)</booktitle>
<ee type="oa">https://doi.org/10.1007/978-3-030-17502-3_4</ee>
<crossref>conf/tacas/2019-3</crossref>
<url>db/conf/tacas/tacas2019-3.html#AmparoreBCDGHHJ19</url>
</inproceedings>
</r>
<r><incollection key="series/lncs/KordonLPT19" mdate="2019-10-31">
<author>Fabrice Kordon</author>
<author>Michael Leuschel</author>
<author>Jaco van de Pol</author>
<author>Yann Thierry-Mieg</author>
<title>Software Architecture of Modern Model Checkers.</title>
<pages>393-419</pages>
<year>2019</year>
<booktitle>Computing and Software Science</booktitle>
<ee type="oa">https://doi.org/10.1007/978-3-319-91908-9_20</ee>
<crossref>series/lncs/10000</crossref>
<url>db/series/lncs/lncs10000.html#KordonLPT19</url>
</incollection>
</r>
<r><article key="journals/topnoc/KordonGHPJHABBEJBLMSTPW18" mdate="2019-10-19">
<author>Fabrice Kordon</author>
<author>Hubert Garavel</author>
<author>Lom-Messan Hillah</author>
<author>Emmanuel Paviot-Adet</author>
<author>Loïg Jezequel</author>
<author>Francis Hulin-Hubard</author>
<author>Elvio Gilberto Amparore</author>
<author orcid="0000-0001-6125-9460">Marco Beccuti</author>
<author>Bernard Berthomieu</author>
<author>Hugues Evrard</author>
<author orcid="0000-0002-9320-9991">Peter Gjøl Jensen</author>
<author>Didier Le Botlan</author>
<author>Torsten Liebke</author>
<author>Jeroen Meijer</author>
<author>Jirí Srba</author>
<author>Yann Thierry-Mieg</author>
<author>Jaco van de Pol</author>
<author>Karsten Wolf</author>
<title>MCC'2017 - The Seventh Model Checking Contest.</title>
<pages>181-209</pages>
<year>2018</year>
<volume>13</volume>
<journal>T. Petri Nets and Other Models of Concurrency</journal>
<crossref>journals/topnoc/2018-13</crossref>
<url>db/journals/topnoc/topnoc13.html#KordonGHPJHABBEJBLMSTPW18</url>
</article>
</r>
<r><inproceedings key="conf/apn/KordonT18" mdate="2018-05-29">
<author>Fabrice Kordon</author>
<author>Yann Thierry-Mieg</author>
<title>Self-adaptive Model Checking, the Next Step?</title>
<pages>3-15</pages>
<year>2018</year>
<booktitle>Petri Nets</booktitle>
<crossref>conf/apn/2018</crossref>
<url>db/conf/apn/pn2018.html#KordonT18</url>
</inproceedings>
</r>
<r><inproceedings key="journals/corr/abs-1803-10323" mdate="2018-09-12">
<author>Quentin L. Meunier</author>
<author>Yann Thierry-Mieg</author>
<author>Emmanuelle Encrenaz</author>
<title>Modeling a Cache Coherence Protocol with the Guarded Action Language.</title>
<booktitle>MARS/VPT@ETAPS</booktitle>
<year>2018</year>
<pages>88-103</pages>
<crossref>journals/corr/abs-1803-08668</crossref>
<ee type="oa">https://doi.org/10.4204/EPTCS.268.3</ee>
<ee type="oa">http://arxiv.org/abs/1803.10323</ee>
<url>db/series/eptcs/eptcs268.html#abs-1803-10323</url>
</inproceedings>
</r>
<r><book publtype="habil" key="books/hal/Mieg16" mdate="2019-07-08">
<author>Yann Thierry-Mieg</author>
<title>From Symbolic Verification To Domain Specific Languages. (De la vérification Symbolique aux langages dédiés à un domaine).</title>
<year>2016</year>
<school>Sorbonne Université, Paris, France</school>
</book>
</r>
<r><article key="journals/dc/BerardLMPTT16" mdate="2019-09-16">
<author>Béatrice Bérard</author>
<author orcid="0000-0002-4459-511X">Pascal Lafourcade 0001</author>
<author>Laure Millet</author>
<author>Maria Potop-Butucaru</author>
<author orcid="0000-0001-7775-1978">Yann Thierry-Mieg</author>
<author>Sébastien Tixeuil</author>
<title>Formal verification of mobile robot protocols.</title>
<pages>459-487</pages>
<year>2016</year>
<volume>29</volume>
<journal>Distributed Computing</journal>
<number>6</number>
<url>db/journals/dc/dc29.html#BerardLMPTT16</url>
</article>
</r>
<r><inproceedings key="conf/apn/Thierry-Mieg16" mdate="2019-05-28">
<author>Yann Thierry-Mieg</author>
<title>Bridging the Gap Between Formal Methods and Software Engineering Using Model-based Technology.</title>
<pages>30-32</pages>
<year>2016</year>
<booktitle>PNSE @ Petri Nets</booktitle>
<ee type="oa">http://ceur-ws.org/Vol-1591/paper5.pdf</ee>
<crossref>conf/apn/2016pnse</crossref>
<url>db/conf/apn/pnse2016.html#Thierry-Mieg16</url>
</inproceedings>
</r>
<r><inproceedings key="conf/tacas/Thierry-Mieg15" mdate="2019-08-20">
<author orcid="0000-0001-7775-1978">Yann Thierry-Mieg</author>
<title>Symbolic Model-Checking Using ITS-Tools.</title>
<pages>231-237</pages>
<year>2015</year>
<booktitle>TACAS</booktitle>
<ee type="oa">https://doi.org/10.1007/978-3-662-46681-0_20</ee>
<crossref>conf/tacas/2015</crossref>
<url>db/conf/tacas/tacas2015.html#Thierry-Mieg15</url>
</inproceedings>
</r>
<r><article key="journals/ijccbs/ZhangBHKT14" mdate="2018-11-30">
<author>Yan Zhang 0017</author>
<author>Béatrice Bérard</author>
<author>Lom-Messan Hillah</author>
<author>Fabrice Kordon</author>
<author orcid="0000-0001-7775-1978">Yann Thierry-Mieg</author>
<title>Controllability for discrete event systems modelled in VeriJ.</title>
<pages>218-240</pages>
<year>2014</year>
<volume>5</volume>
<journal>IJCCBS</journal>
<number>3/4</number>
<url>db/journals/ijccbs/ijccbs5.html#ZhangBHKT14</url>
</article>
</r>
<r><inproceedings key="conf/tacas/SalemDKT14" mdate="2018-11-02">
<author>Ala-Eddine Ben Salem</author>
<author orcid="0000-0002-6623-2512">Alexandre Duret-Lutz</author>
<author>Fabrice Kordon</author>
<author orcid="0000-0001-7775-1978">Yann Thierry-Mieg</author>
<title>Symbolic Model Checking of Stutter-Invariant Properties Using Generalized Testing Automata.</title>
<pages>440-454</pages>
<year>2014</year>
<booktitle>TACAS</booktitle>
<ee type="oa">https://doi.org/10.1007/978-3-642-54862-8_38</ee>
<crossref>conf/tacas/2014</crossref>
<url>db/conf/tacas/tacas2014.html#SalemDKT14</url>
</inproceedings>
</r>
<r><article key="journals/topnoc/MaissaKMT13" mdate="2017-06-09">
<author>Yann Ben Maissa</author>
<author>Fabrice Kordon</author>
<author orcid="0000-0003-0417-8968">Salma Mouline</author>
<author>Yann Thierry-Mieg</author>
<title>Modeling and Analyzing Wireless Sensor Networks with VeriSensor: An Integrated Workflow.</title>
<pages>24-47</pages>
<year>2013</year>
<volume>8</volume>
<journal>Trans. Petri Nets and Other Models of Concurrency</journal>
<crossref>journals/topnoc/2013-8</crossref>
<url>db/journals/topnoc/topnoc8.html#MaissaKMT13</url>
</article>
</r>
<r><inproceedings key="conf/cav/ColangeBKT13" mdate="2018-11-02">
<author>Maximilien Colange</author>
<author>Souheib Baarir</author>
<author>Fabrice Kordon</author>
<author orcid="0000-0001-7775-1978">Yann Thierry-Mieg</author>
<title>Towards Distributed Software Model-Checking Using Decision Diagrams.</title>
<pages>830-845</pages>
<year>2013</year>
<booktitle>CAV</booktitle>
<ee type="oa">https://doi.org/10.1007/978-3-642-39799-8_58</ee>
<crossref>conf/cav/2013</crossref>
<url>db/conf/cav/cav2013.html#ColangeBKT13</url>
</inproceedings>
</r>
<r><inproceedings key="conf/ecoop/ZhangBHT13" mdate="2018-11-06">
<author>Yan Zhang 0017</author>
<author>Béatrice Bérard</author>
<author>Lom-Messan Hillah</author>
<author orcid="0000-0001-7775-1978">Yann Thierry-Mieg</author>
<title>Semi-automatic controller design of Java-like models.</title>
<pages>3:1-3:7</pages>
<year>2013</year>
<booktitle>FTfJP@ECOOP</booktitle>
<crossref>conf/ecoop/2013ftfjp</crossref>
<url>db/conf/ecoop/ftfjp2013.html#ZhangBHT13</url>
</inproceedings>
</r>
<r><article publtype="informal" key="journals/corr/KordonLBBFHHLLMPPRRTWW13" mdate="2018-08-13">
<author>Fabrice Kordon</author>
<author>Alban Linard</author>
<author>Marco Beccuti</author>
<author>Didier Buchs</author>
<author>Lukasz Fronc</author>
<author>Lom-Messan Hillah</author>
<author>Francis Hulin-Hubard</author>
<author>Fabrice Legond-Aubry</author>
<author>Niels Lohmann</author>
<author>Alexis Marechal</author>
<author>Emmanuel Paviot-Adet</author>
<author>Franck Pommereau</author>
<author>César Rodríguez</author>
<author>Christian Rohr</author>
<author>Yann Thierry-Mieg</author>
<author>Harro Wimmel</author>
<author>Karsten Wolf</author>
<title>Model Checking Contest @ Petri Nets, Report on the 2013 edition.</title>
<year>2013</year>
<journal>CoRR</journal>
<ee type="oa">http://arxiv.org/abs/1309.2485</ee>
<volume>abs/1309.2485</volume>
<url>db/journals/corr/corr1309.html#KordonLBBFHHLLMPPRRTWW13</url>
</article>
</r>
<r><article key="journals/topnoc/KordonLBCELLPTW12" mdate="2018-11-02">
<author>Fabrice Kordon</author>
<author>Alban Linard</author>
<author>Didier Buchs</author>
<author>Maximilien Colange</author>
<author>Sami Evangelista</author>
<author>Kai Lampka</author>
<author>Niels Lohmann</author>
<author>Emmanuel Paviot-Adet</author>
<author orcid="0000-0001-7775-1978">Yann Thierry-Mieg</author>
<author>Harro Wimmel</author>
<title>Report on the Model Checking Contest at Petri Nets 2011.</title>
<pages>169-196</pages>
<year>2012</year>
<volume>6</volume>
<journal>Trans. Petri Nets and Other Models of Concurrency</journal>
<crossref>journals/topnoc/2012-6</crossref>
<url>db/journals/topnoc/topnoc6.html#KordonLBCELLPTW12</url>
</article>
</r>
<r><inproceedings key="conf/acsd/ColangeKTB12" mdate="2018-11-30">
<author>Maximilien Colange</author>
<author>Fabrice Kordon</author>
<author orcid="0000-0001-7775-1978">Yann Thierry-Mieg</author>
<author>Souheib Baarir</author>
<title>State Space Analysis Using Symmetries on Decision Diagrams.</title>
<pages>164-172</pages>
<year>2012</year>
<booktitle>ACSD</booktitle>
<crossref>conf/acsd/2012</crossref>
<url>db/conf/acsd/acsd2012.html#ColangeKTB12</url>
</inproceedings>
</r>
<r><inproceedings key="conf/apn/MaissaKMT12" mdate="2019-05-28">
<author>Yann Ben Maissa</author>
<author>Fabrice Kordon</author>
<author>Salma Mouline</author>
<author>Yann Thierry-Mieg</author>
<title>Modeling and Analyzing Wireless Sensor Networks with VeriSensor.</title>
<pages>60-76</pages>
<year>2012</year>
<booktitle>PNSE</booktitle>
<ee type="oa">http://ceur-ws.org/Vol-851/paper5.pdf</ee>
<crossref>conf/apn/2012pnse</crossref>
<url>db/conf/apn/pnse2012.html#MaissaKMT12</url>
</inproceedings>
</r>
<r><article publtype="informal" key="journals/corr/abs-1209-2382" mdate="2018-08-13">
<author>Fabrice Kordon</author>
<author>Alban Linard</author>
<author>Didier Buchs</author>
<author>Maximilien Colange</author>
<author>Sami Evangelista</author>
<author>Lukasz Fronc</author>
<author>Lom-Messan Hillah</author>
<author>Niels Lohmann</author>
<author>Emmanuel Paviot-Adet</author>
<author>Franck Pommereau</author>
<author>Christian Rohr</author>
<author>Yann Thierry-Mieg</author>
<author>Harro Wimmel</author>
<author>Karsten Wolf</author>
<title>Raw Report on the Model Checking Contest at Petri Nets 2012</title>
<ee type="oa">http://arxiv.org/abs/1209.2382</ee>
<year>2012</year>
<journal>CoRR</journal>
<volume>abs/1209.2382</volume>
<url>db/journals/corr/corr1209.html#abs-1209-2382</url>
</article>
</r>
<r><inproceedings key="conf/apn/ColangeBKT11" mdate="2018-11-02">
<author>Maximilien Colange</author>
<author>Souheib Baarir</author>
<author>Fabrice Kordon</author>
<author orcid="0000-0001-7775-1978">Yann Thierry-Mieg</author>
<title>Crocodile: A Symbolic/Symbolic Tool for the Analysis of Symmetric Nets with Bag.</title>
<pages>338-347</pages>
<year>2011</year>
<booktitle>Petri Nets</booktitle>
<crossref>conf/apn/2011</crossref>
<url>db/conf/apn/pn2011.html#ColangeBKT11</url>
</inproceedings>
</r>
<r><inproceedings key="conf/atva/Duret-LutzKPT11" mdate="2018-11-02">
<author orcid="0000-0002-6623-2512">Alexandre Duret-Lutz</author>
<author>Kais Klai</author>
<author>Denis Poitrenaud</author>
<author orcid="0000-0001-7775-1978">Yann Thierry-Mieg</author>
<title>Self-Loop Aggregation Product - A New Hybrid Approach to On-the-Fly LTL Model Checking.</title>
<pages>336-350</pages>
<year>2011</year>
<booktitle>ATVA</booktitle>
<crossref>conf/atva/2011</crossref>
<url>db/conf/atva/atva2011.html#Duret-LutzKPT11</url>
</inproceedings>
</r>
<r><article publtype="informal" key="journals/corr/abs-1106-5700" mdate="2018-08-13">
<author>Alexandre Duret-Lutz</author>
<author>Kais Klai</author>
<author>Denis Poitrenaud</author>
<author>Yann Thierry-Mieg</author>
<title>Combining Explicit and Symbolic Approaches for Better On-the-Fly LTL Model Checking</title>
<ee type="oa">http://arxiv.org/abs/1106.5700</ee>
<year>2011</year>
<journal>CoRR</journal>
<volume>abs/1106.5700</volume>
<url>db/journals/corr/corr1106.html#abs-1106-5700</url>
</article>
</r>
<r><inproceedings key="conf/acsd/BuchsKSSST10" mdate="2019-05-28">
<author>Didier Buchs</author>
<author>Fabrice Kordon</author>
<author>Alexander Serebrenik</author>
<author>Natalia Sidorova</author>
<author>Jeremy Spronston</author>
<author>Yann Thierry-Mieg</author>
<title>Introduction.</title>
<pages>371</pages>
<year>2010</year>
<booktitle>ACSD/Petri Nets Workshops</booktitle>
<ee type="oa">http://ceur-ws.org/Vol-827/28_DidierBuchs_introduction.pdf</ee>
<crossref>conf/acsd/2010w</crossref>
<url>db/conf/acsd/acsd2010w.html#BuchsKSSST10</url>
</inproceedings>
</r>
<r><inproceedings key="conf/wodes/ZhangBKT10" mdate="2017-05-21">
<author>Yan Zhang 0017</author>
<author>Béatrice Bérard</author>
<author>Fabrice Kordon</author>
<author>Yann Thierry-Mieg</author>
<title>Automated controllability and synthesis with hierarchical set decision diagrams.</title>
<pages>281-286</pages>
<year>2010</year>
<booktitle>WODES</booktitle>
<crossref>conf/wodes/2010</crossref>
<url>db/conf/wodes/wodes2010.html#ZhangBKT10</url>
</inproceedings>
</r>
<r><article key="journals/fuin/HamezTK09" mdate="2017-05-20">
<author>Alexandre Hamez</author>
<author>Yann Thierry-Mieg</author>
<author>Fabrice Kordon</author>
<title>Building Efficient Model Checkers using Hierarchical Set Decision Diagrams and Automatic Saturation.</title>
<pages>413-437</pages>
<year>2009</year>
<volume>94</volume>
<journal>Fundam. Inform.</journal>
<number>3-4</number>
<url>db/journals/fuin/fuin94.html#HamezTK09</url>
</article>
</r>
<r><inproceedings key="conf/tacas/Thierry-MiegPHK09" mdate="2018-11-02">
<author orcid="0000-0001-7775-1978">Yann Thierry-Mieg</author>
<author>Denis Poitrenaud</author>
<author>Alexandre Hamez</author>
<author>Fabrice Kordon</author>
<title>Hierarchical Set Decision Diagrams and Regular Models.</title>
<pages>1-15</pages>
<year>2009</year>
<booktitle>TACAS</booktitle>
<ee type="oa">https://doi.org/10.1007/978-3-642-00768-2_1</ee>
<crossref>conf/tacas/2009</crossref>
<url>db/conf/tacas/tacas2009.html#Thierry-MiegPHK09</url>
</inproceedings>
</r>
<r><article key="journals/isse/Thierry-MiegH08" mdate="2018-11-30">
<author orcid="0000-0001-7775-1978">Yann Thierry-Mieg</author>
<author>Lom-Messan Hillah</author>
<title>UML behavioral consistency checking using instantiable Petri nets.</title>
<pages>293-300</pages>
<year>2008</year>
<volume>4</volume>
<journal>ISSE</journal>
<number>3</number>
<url>db/journals/isse/isse4.html#Thierry-MiegH08</url>
</article>
</r>
<r><inproceedings key="conf/apn/HamezTK08" mdate="2018-11-02">
<author>Alexandre Hamez</author>
<author orcid="0000-0001-7775-1978">Yann Thierry-Mieg</author>
<author>Fabrice Kordon</author>
<title>Hierarchical Set Decision Diagrams and Automatic Saturation.</title>
<pages>211-230</pages>
<year>2008</year>
<booktitle>Petri Nets</booktitle>
<crossref>conf/apn/2008</crossref>
<url>db/conf/apn/pn2008.html#HamezTK08</url>
</inproceedings>
</r>
<r><inproceedings key="conf/monterey/KordonT08" mdate="2018-11-02">
<author>Fabrice Kordon</author>
<author orcid="0000-0001-7775-1978">Yann Thierry-Mieg</author>
<title>Experiences in Model Driven Verification of Behavior with UML.</title>
<pages>181-200</pages>
<year>2008</year>
<booktitle>Monterey Workshop</booktitle>
<crossref>conf/monterey/2008</crossref>
<url>db/conf/monterey/monterey2008.html#KordonT08</url>
</inproceedings>
</r>
<r><inproceedings key="conf/apn/HamezKTL07" mdate="2018-11-02">
<author>Alexandre Hamez</author>
<author>Fabrice Kordon</author>
<author orcid="0000-0001-7775-1978">Yann Thierry-Mieg</author>
<author>Fabrice Legond-Aubry</author>
<title>dmcG : A Distributed Symbolic Model Checker Based on GreatSPN.</title>
<pages>495-504</pages>
<year>2007</year>
<crossref>conf/apn/2007</crossref>
<booktitle>ICATPN</booktitle>
<url>db/conf/apn/icatpn2007.html#HamezKTL07</url>
</inproceedings>
</r>
<r><inproceedings key="conf/ipps/HamezKT07" mdate="2018-11-30">
<author>Alexandre Hamez</author>
<author>Fabrice Kordon</author>
<author orcid="0000-0001-7775-1978">Yann Thierry-Mieg</author>
<title>IibDMC: a Library to Operate Efficient Distributed Model Checking.</title>
<pages>1-8</pages>
<year>2007</year>
<crossref>conf/ipps/2007</crossref>
<booktitle>IPDPS</booktitle>
<url>db/conf/ipps/ipdps2007.html#HamezKT07</url>
</inproceedings>
</r>
<r><inproceedings key="conf/acsd/HamezHKLPRT06" mdate="2017-05-25">
<author>Alexandre Hamez</author>
<author>Lom Hillah</author>
<author>Fabrice Kordon</author>
<author>Alban Linard</author>
<author>Emmanuel Paviot-Adet</author>
<author>Xavier Renault</author>
<author>Yann Thierry-Mieg</author>
<title>New features in CPN-AMI 3: focusing on the analysis of complex distributed systems.</title>
<pages>273-275</pages>
<year>2006</year>
<crossref>conf/acsd/2006</crossref>
<booktitle>ACSD</booktitle>
<url>db/conf/acsd/acsd2006.html#HamezHKLPRT06</url>
</inproceedings>
</r>
<r><inproceedings key="conf/ictac/ChoppyHKKPT06" mdate="2018-11-02">
<author>Christine Choppy</author>
<author>Serge Haddad</author>
<author>Hanna Klaudel</author>
<author>Fabrice Kordon</author>
<author>Laure Petrucci</author>
<author orcid="0000-0001-7775-1978">Yann Thierry-Mieg</author>
<title>Tutorial on Formal Methods for Distributed and Cooperative Systems.</title>
<pages>362-365</pages>
<year>2006</year>
<crossref>conf/ictac/2006</crossref>
<booktitle>ICTAC</booktitle>
<url>db/conf/ictac/ictac2006.html#ChoppyHKKPT06</url>
</inproceedings>
</r>
<r><article key="journals/entcs/HuguesVPTBK05" mdate="2018-11-30">
<author>Jérôme Hugues</author>
<author>Thomas Vergnaud</author>
<author>Laurent Pautet</author>
<author orcid="0000-0001-7775-1978">Yann Thierry-Mieg</author>
<author>Souheib Baarir</author>
<author>Fabrice Kordon</author>
<title>On the Formal Verification of Middleware Behavioral Properties.</title>
<pages>139-157</pages>
<year>2005</year>
<volume>133</volume>
<journal>Electr. Notes Theor. Comput. Sci.</journal>
<url>db/journals/entcs/entcs133.html#HuguesVPTBK05</url>
</article>
</r>
<r><inproceedings key="conf/forte/CouvreurT05" mdate="2018-11-02">
<author>Jean-Michel Couvreur</author>
<author orcid="0000-0001-7775-1978">Yann Thierry-Mieg</author>
<title>Hierarchical Decision Diagrams to Exploit Model Structure.</title>
<pages>443-457</pages>
<year>2005</year>
<crossref>conf/forte/2005</crossref>
<booktitle>FORTE</booktitle>
<ee type="oa">https://doi.org/10.1007/11562436_32</ee>
<url>db/conf/forte/forte2005.html#CouvreurT05</url>
</inproceedings>
</r>
<r><inproceedings key="conf/forte/Thierry-MiegIP04" mdate="2018-11-02">
<author orcid="0000-0001-7775-1978">Yann Thierry-Mieg</author>
<author>Jean-Michel Ilié</author>
<author>Denis Poitrenaud</author>
<title>A Symbolic Symbolic State Space Representation.</title>
<pages>276-291</pages>
<year>2004</year>
<crossref>conf/forte/2004</crossref>
<booktitle>FORTE</booktitle>
<url>db/conf/forte/forte2004.html#Thierry-MiegIP04</url>
</inproceedings>
</r>
<r><inproceedings key="conf/apn/Thierry-MiegDM03" mdate="2018-11-02">
<author orcid="0000-0001-7775-1978">Yann Thierry-Mieg</author>
<author>Claude Dutheillet</author>
<author>Isabelle Mounier</author>
<title>Automatic Symmetry Detection in Well-Formed Nets.</title>
<pages>82-101</pages>
<year>2003</year>
<crossref>conf/apn/2003</crossref>
<booktitle>ICATPN</booktitle>
<url>db/conf/apn/icatpn2003.html#Thierry-MiegDM03</url>
</inproceedings>
</r>
<coauthors n="70" nc="2">
<co c="0"><na f="a/Amparore:Elvio_Gilberto">Elvio Gilberto Amparore</na></co>
<co c="0"><na f="b/Baarir:Souheib">Souheib Baarir</na></co>
<co c="0"><na f="b/Beccuti:Marco">Marco Beccuti</na></co>
<co c="0"><na f="b/B=eacute=rard:B=eacute=atrice">Béatrice Bérard</na></co>
<co c="0"><na f="b/Berthomieu:Bernard">Bernard Berthomieu</na></co>
<co c="0"><na f="b/Botlan:Didier_Le">Didier Le Botlan</na></co>
<co c="0"><na f="b/Buchs:Didier">Didier Buchs</na></co>
<co c="0"><na f="c/Choppy:Christine">Christine Choppy</na></co>
<co c="0"><na f="c/Ciardo:Gianfranco">Gianfranco Ciardo</na></co>
<co c="0"><na f="c/Colange:Maximilien">Maximilien Colange</na></co>
<co c="0"><na f="c/Couvreur:Jean=Michel">Jean-Michel Couvreur</na></co>
<co c="0"><na f="d/Dal=Zilio:Silvano">Silvano Dal-Zilio</na></co>
<co c="0"><na f="d/Dijk:Tom_van">Tom van Dijk</na></co>
<co c="0"><na f="d/Duret=Lutz:Alexandre">Alexandre Duret-Lutz</na></co>
<co c="0"><na f="d/Dutheillet:Claude">Claude Dutheillet</na></co>
<co c="0" n="2"><na f="e/Encrenaz=Tiph=egrave=ne:Emmanuelle">Emmanuelle Encrenaz-Tiphène</na><na>Emmanuelle Encrenaz</na></co>
<co c="0"><na f="e/Evangelista:Sami">Sami Evangelista</na></co>
<co c="0"><na f="e/Evrard:Hugues">Hugues Evrard</na></co>
<co c="0"><na f="f/Fronc:Lukasz">Lukasz Fronc</na></co>
<co c="0"><na f="g/Gall=agrave=:Francesco">Francesco Gallà</na></co>
<co c="0"><na f="g/Garavel:Hubert">Hubert Garavel</na></co>
<co c="0"><na f="h/Haddad:Serge">Serge Haddad</na></co>
<co c="0"><na f="h/Hamez:Alexandre">Alexandre Hamez</na></co>
<co c="0" n="2"><na f="h/Hillah:Lom=Messan">Lom-Messan Hillah</na><na>Lom Hillah</na></co>
<co c="0"><na f="h/Hugues:J=eacute=r=ocirc=me">Jérôme Hugues</na></co>
<co c="0"><na f="h/Hulin=Hubard:Francis">Francis Hulin-Hubard</na></co>
<co c="0"><na f="i/Ili=eacute=:Jean=Michel">Jean-Michel Ilié</na></co>
<co c="0"><na f="j/Jensen:Peter_Gj=oslash=l">Peter Gjøl Jensen</na></co>
<co c="0"><na f="j/Jezequel:Lo=iuml=g">Loïg Jezequel</na></co>
<co c="0"><na f="k/Klai:Kais">Kais Klai</na></co>
<co c="0"><na f="k/Klaudel:Hanna">Hanna Klaudel</na></co>
<co c="0"><na f="k/Kordon:Fabrice">Fabrice Kordon</na></co>
<co c="1" n="2"><na f="k/Kordy:Barbara">Barbara Kordy</na><na>Barbara Fila</na></co>
<co c="0"><na f="l/Lafourcade_0001:Pascal">Pascal Lafourcade 0001</na></co>
<co c="0"><na f="l/Lampka:Kai">Kai Lampka</na></co>
<co c="0"><na f="l/Legond=Aubry:Fabrice">Fabrice Legond-Aubry</na></co>
<co c="0"><na f="l/Leuschel:Michael">Michael Leuschel</na></co>
<co c="0"><na f="l/Liebke:Torsten">Torsten Liebke</na></co>
<co c="0"><na f="l/Linard:Alban">Alban Linard</na></co>
<co c="0"><na f="l/Lohmann:Niels">Niels Lohmann</na></co>
<co c="0"><na f="m/Maissa:Yann_Ben">Yann Ben Maissa</na></co>
<co c="0"><na f="m/Marechal:Alexis">Alexis Marechal</na></co>
<co c="0"><na f="m/Meijer:Jeroen">Jeroen Meijer</na></co>
<co c="0"><na f="m/Meunier:Quentin_L=">Quentin L. Meunier</na></co>
<co c="0"><na f="m/Millet:Laure">Laure Millet</na></co>
<co c="0"><na f="m/Miner:Andrew_S=">Andrew S. Miner</na></co>
<co c="0"><na f="m/Mouline:Salma">Salma Mouline</na></co>
<co c="0"><na f="m/Mounier:Isabelle">Isabelle Mounier</na></co>
<co c="0"><na f="p/Pautet:Laurent">Laurent Pautet</na></co>
<co c="0"><na f="p/Paviot=Adet:Emmanuel">Emmanuel Paviot-Adet</na></co>
<co c="0"><na f="p/Petrucci:Laure">Laure Petrucci</na></co>
<co c="1"><na f="p/Pinchinat:Sophie">Sophie Pinchinat</na></co>
<co c="0"><na f="p/Poitrenaud:Denis">Denis Poitrenaud</na></co>
<co c="0"><na f="p/Pol:Jaco_van_de">Jaco van de Pol</na></co>
<co c="0"><na f="p/Pommereau:Franck">Franck Pommereau</na></co>
<co c="0"><na f="p/Potop=Butucaru:Maria">Maria Potop-Butucaru</na></co>
<co c="0"><na f="r/Renault:Xavier">Xavier Renault</na></co>
<co c="0"><na f="r/Rodr=iacute=guez:C=eacute=sar">César Rodríguez</na></co>
<co c="0"><na f="r/Rohr:Christian">Christian Rohr</na></co>
<co c="0"><na f="s/Salem:Ala=Eddine_Ben">Ala-Eddine Ben Salem</na></co>
<co c="0"><na f="s/Serebrenik:Alexander">Alexander Serebrenik</na></co>
<co c="0"><na f="s/Sidorova:Natalia">Natalia Sidorova</na></co>
<co c="0"><na f="s/Spronston:Jeremy">Jeremy Spronston</na></co>
<co c="0"><na f="s/Srba:Jir=iacute=">Jirí Srba</na></co>
<co c="0"><na f="t/Tixeuil:S=eacute=bastien">Sébastien Tixeuil</na></co>
<co c="0"><na f="v/Vergnaud:Thomas">Thomas Vergnaud</na></co>
<co c="1"><na f="w/Wacheux:Florence">Florence Wacheux</na></co>
<co c="0"><na f="w/Wimmel:Harro">Harro Wimmel</na></co>
<co c="0"><na f="w/Wolf:Karsten">Karsten Wolf</na></co>
<co c="0"><na f="z/Zhang_0017:Yan">Yan Zhang 0017</na></co>
</coauthors>
</dblpperson>

